case_id,complaint_id,fraud_label,cashout_label,pattern,transaction_count,suspicious_transaction_count,transaction_frequency,transaction_velocity,amount_deviation,hop_count,unique_accounts,transfer_chain_length,amount_decay_across_hops,rapid_transfer_flag,account_activity_frequency,account_risk,new_destination_flag,destination_concentration,previous_withdrawal_count,average_withdrawal_amount,hour,day_of_week,time_since_last_transaction,time_since_first_suspicious_transaction,split,source_type
CASE-00001,CMP-100001,0,0,NORMAL,8,0,0.3333,8,12318.25,1,13,2,,0,1,LOW,1,1,0,0,1,4,0,,TRAIN,SYNTHETIC
CASE-00002,CMP-100002,0,0,NORMAL,9,0,0.375,9,9598.33,0,16,1,,0,1,LOW,1,1,0,0,2,4,0,,TRAIN,SYNTHETIC
CASE-00003,CMP-100003,1,1,PROXIMITY,7,1,0.2917,4.1176,16237.86,1,14,2,0.8533,0,1,LOW,1,1,0,0,4,4,0,0,TRAIN,SYNTHETIC
CASE-00004,CMP-100004,1,1,DELAYED,7,0,0.2917,7,10268.57,0,14,1,1,0,1,LOW,1,1,0,0,4,4,0,,TRAIN,SYNTHETIC
CASE-00005,CMP-100005,1,1,MULTI_CANDIDATE,10,0,0.4167,10,11856.7,0,20,1,1,0,1,MEDIUM,1,1,0,0,5,4,0,,TRAIN,SYNTHETIC
CASE-00006,CMP-100006,0,0,NORMAL,6,0,0.25,6,8531.17,0,12,1,,0,1,LOW,1,1,0,0,6,4,0,,TRAIN,SYNTHETIC
CASE-00007,CMP-100007,0,0,NORMAL,9,0,0.375,9,12232,1,18,2,,0,1,LOW,1,1,0,0,7,4,0,,TRAIN,SYNTHETIC
CASE-00008,CMP-100008,0,0,NORMAL,6,0,0.25,6,8515.83,0,12,1,,0,1,LOW,1,1,0,0,8,4,0,,TRAIN,SYNTHETIC
CASE-00009,CMP-100009,0,0,NORMAL,9,0,0.375,9,13442,0,18,1,,0,1,LOW,1,1,0,0,9,4,0,,TRAIN,SYNTHETIC
CASE-00010,CMP-100010,0,0,NORMAL,9,0,0.375,9,11737.11,0,18,1,,0,1,MEDIUM,1,1,0,0,10,4,0,,TRAIN,SYNTHETIC
CASE-00011,CMP-100011,1,1,RAPID,10,1,0.4167,10,18095.9,1,20,2,0.8924,1,1,HIGH,1,1,0,0,11,4,0,0,TRAIN,SYNTHETIC
CASE-00012,CMP-100012,0,0,NORMAL,6,0,0.25,6,6345.5,0,12,1,,0,1,LOW,1,1,0,0,12,4,0,,TRAIN,SYNTHETIC
CASE-00013,CMP-100013,1,1,PROXIMITY,9,1,0.375,4.0299,19496.11,1,18,2,0.8334,0,1,LOW,1,1,0,0,15,4,0,0,TRAIN,SYNTHETIC
CASE-00014,CMP-100014,1,1,DELAYED,8,0,0.3333,8,11392.63,0,16,1,1,0,1,LOW,1,1,0,0,14,4,0,,VALIDATION,SYNTHETIC
CASE-00015,CMP-100015,0,0,NORMAL,6,0,0.25,6,11919.17,0,12,1,,0,1,MEDIUM,1,1,0,0,15,4,0,,VALIDATION,SYNTHETIC
CASE-00016,CMP-100016,1,1,RAPID,7,1,0.2917,7,25989.86,1,14,2,0.8433,1,1,LOW,1,1,0,0,16,4,0,0,VALIDATION,SYNTHETIC
CASE-00017,CMP-100017,0,0,NORMAL,9,0,0.375,9,11128.56,0,18,1,,0,1,LOW,1,1,0,0,17,4,0,,TEST,SYNTHETIC
CASE-00018,CMP-100018,0,0,NORMAL,9,0,0.375,9,8292.56,1,18,2,,0,1,LOW,1,1,0,0,18,4,0,,TEST,SYNTHETIC
CASE-00019,CMP-100019,1,1,DELAYED,8,1,0.3333,0.5333,18028.5,1,16,2,0.9194,0,1,LOW,1,1,0,0,10,5,0,0,TEST,SYNTHETIC
CASE-00020,CMP-100020,0,0,NORMAL,7,0,0.2917,7,12844.86,0,14,1,,0,1,MEDIUM,1,1,0,0,20,4,0,,TRAIN,SYNTHETIC
CASE-00021,CMP-100021,0,0,NORMAL,9,0,0.375,9,13566.44,1,18,2,,0,1,LOW,1,1,0,0,21,4,0,,TRAIN,SYNTHETIC
CASE-00022,CMP-100022,0,0,NORMAL,8,0,0.3333,8,9165,0,16,1,,0,1,HIGH,1,1,0,0,22,4,0,,TRAIN,SYNTHETIC
CASE-00023,CMP-100023,1,1,PROXIMITY,10,1,0.4167,4.0541,21800.1,1,20,2,0.9343,0,1,LOW,1,1,0,0,1,5,0,0,TRAIN,SYNTHETIC
CASE-00024,CMP-100024,1,0,DELAYED,11,1,0.4583,0.4231,19486.27,1,22,2,0.9397,0,1,LOW,1,1,0,0,2,6,0,0,TRAIN,SYNTHETIC
CASE-00025,CMP-100025,1,1,MULTI_CANDIDATE,6,0,0.25,6,13374,0,12,1,1,0,1,MEDIUM,1,1,0,0,1,5,0,,TRAIN,SYNTHETIC
CASE-00026,CMP-100026,0,0,NORMAL,9,0,0.375,9,12987,0,18,1,,0,1,LOW,1,1,0,0,2,5,0,,TRAIN,SYNTHETIC
CASE-00027,CMP-100027,0,0,NORMAL,8,0,0.3333,8,13952.63,1,16,2,,0,1,LOW,1,1,0,0,3,5,0,,TRAIN,SYNTHETIC
CASE-00028,CMP-100028,1,1,PROXIMITY,11,1,0.4583,11,17543,1,22,2,0.9282,0,1,LOW,1,1,0,0,4,5,0,0,TRAIN,SYNTHETIC
CASE-00029,CMP-100029,1,1,DELAYED,9,0,0.375,9,9776.89,0,18,1,1,0,1,LOW,1,1,0,0,5,5,0,,TRAIN,SYNTHETIC
CASE-00030,CMP-100030,1,1,MULTI_CANDIDATE,10,0,0.4167,10,10357.2,0,20,1,1,0,1,MEDIUM,1,1,0,0,6,5,0,,TRAIN,SYNTHETIC
CASE-00031,CMP-100031,0,0,NORMAL,10,0,0.4167,10,12138.8,0,20,1,,0,1,LOW,1,1,0,0,7,5,0,,TRAIN,SYNTHETIC
CASE-00032,CMP-100032,1,1,MULTI_HOP,8,2,0.3333,3.84,34318.38,2,15,3,0.7517,0,1,LOW,1,1,0,0,10,5,0,66,TRAIN,SYNTHETIC
CASE-00033,CMP-100033,1,1,PROXIMITY,9,1,0.375,3.8298,11257.89,1,18,2,0.9037,0,1,HIGH,1,1,0,0,11,5,0,0,TRAIN,SYNTHETIC
CASE-00034,CMP-100034,0,0,NORMAL,6,0,0.25,6,12030.5,0,12,1,,0,1,LOW,1,1,0,0,10,5,0,,VALIDATION,SYNTHETIC
CASE-00035,CMP-100035,1,1,MULTI_CANDIDATE,10,0,0.4167,10,13182.5,0,20,1,1,0,1,MEDIUM,1,1,0,0,11,5,0,,VALIDATION,SYNTHETIC
CASE-00036,CMP-100036,1,1,RAPID,9,1,0.375,9,15995.78,1,18,2,0.8629,1,1,LOW,1,1,0,0,12,5,0,0,VALIDATION,SYNTHETIC
CASE-00037,CMP-100037,0,0,NORMAL,6,0,0.25,6,11637.67,0,12,1,,0,1,LOW,1,1,0,0,13,5,0,,TEST,SYNTHETIC
CASE-00038,CMP-100038,1,1,PROXIMITY,11,1,0.4583,10.1538,10558.36,1,22,2,0.8985,0,1,LOW,1,1,0,0,15,5,0,0,TEST,SYNTHETIC
CASE-00039,CMP-100039,1,1,DELAYED,7,1,0.2917,0.2593,13454.71,1,14,2,0.8592,0,1,LOW,1,1,0,0,18,6,0,0,TEST,SYNTHETIC
CASE-00040,CMP-100040,1,1,MULTI_CANDIDATE,8,0,0.3333,8,12067,0,16,1,1,0,1,MEDIUM,1,1,0,0,16,5,0,,TRAIN,SYNTHETIC
CASE-00041,CMP-100041,0,0,NORMAL,8,0,0.3333,8,12498.38,1,16,2,,0,1,LOW,1,1,0,0,17,5,0,,TRAIN,SYNTHETIC
CASE-00042,CMP-100042,1,0,MULTI_HOP,13,3,0.5417,2.1547,21442.31,3,24,4,0.6822,0,1,LOW,1,1,0,0,0,6,0,259,TRAIN,SYNTHETIC
CASE-00043,CMP-100043,0,0,NORMAL,8,0,0.3333,8,8264.13,1,16,2,,0,1,LOW,1,1,0,0,19,5,0,,TRAIN,SYNTHETIC
CASE-00044,CMP-100044,0,0,NORMAL,8,0,0.3333,8,12048.75,0,16,1,,0,1,HIGH,1,1,0,0,20,5,0,,TRAIN,SYNTHETIC
CASE-00045,CMP-100045,0,0,NORMAL,8,0,0.3333,8,9048.38,0,16,1,,0,1,MEDIUM,1,1,0,0,21,5,0,,TRAIN,SYNTHETIC
CASE-00046,CMP-100046,0,0,NORMAL,6,0,0.25,6,11318.83,1,12,2,,0,1,LOW,1,1,0,0,22,5,0,,TRAIN,SYNTHETIC
CASE-00047,CMP-100047,1,1,MULTI_HOP,12,3,0.5,2.3762,16398.33,3,22,4,0.6346,0,1,LOW,1,1,0,0,4,6,0,166,TRAIN,SYNTHETIC
CASE-00048,CMP-100048,0,0,NORMAL,8,0,0.3333,8,9265.88,1,16,2,,0,1,LOW,1,1,0,0,0,6,0,,TRAIN,SYNTHETIC
CASE-00049,CMP-100049,1,1,DELAYED,11,1,0.4583,0.3929,15491,1,22,2,0.9343,0,1,LOW,1,1,0,0,5,0,0,0,TRAIN,SYNTHETIC
CASE-00050,CMP-100050,1,1,MULTI_CANDIDATE,7,1,0.2917,4.4211,17848.29,1,14,2,0.9081,0,1,MEDIUM,1,1,0,0,3,6,0,0,TRAIN,SYNTHETIC
CASE-00051,CMP-100051,1,1,RAPID,9,1,0.375,9,11620.89,1,18,2,0.8291,1,1,LOW,1,1,0,0,3,6,0,0,TRAIN,SYNTHETIC
CASE-00052,CMP-100052,0,0,NORMAL,6,0,0.25,6,8134.5,1,12,2,,0,1,LOW,1,1,0,0,4,6,0,,TRAIN,SYNTHETIC
CASE-00053,CMP-100053,1,1,PROXIMITY,9,1,0.375,3.1395,18890.67,1,18,2,0.863,0,1,LOW,1,1,0,0,7,6,0,0,TRAIN,SYNTHETIC
CASE-00054,CMP-100054,1,1,DELAYED,10,0,0.4167,10,13413.6,0,20,1,1,0,1,LOW,1,1,0,0,6,6,0,,VALIDATION,SYNTHETIC
CASE-00055,CMP-100055,0,0,NORMAL,10,0,0.4167,10,12068.3,0,20,1,,0,1,HIGH,1,1,0,0,7,6,0,,VALIDATION,SYNTHETIC
CASE-00056,CMP-100056,0,0,NORMAL,8,0,0.3333,8,5633.5,0,16,1,,0,1,LOW,1,1,0,0,8,6,0,,VALIDATION,SYNTHETIC
CASE-00057,CMP-100057,1,1,MULTI_HOP,11,2,0.4583,9.2958,22945.09,2,21,3,0.7003,0,1,LOW,1,1,0,0,10,6,0,39,TEST,SYNTHETIC
CASE-00058,CMP-100058,1,1,PROXIMITY,10,1,0.4167,3.75,17198.4,1,20,2,0.8343,0,1,LOW,1,1,0,0,12,6,0,0,TEST,SYNTHETIC
CASE-00059,CMP-100059,1,1,DELAYED,9,1,0.375,1.125,13452.67,1,18,2,0.9374,0,1,LOW,1,1,0,0,19,6,0,0,TEST,SYNTHETIC
CASE-00060,CMP-100060,1,1,MULTI_CANDIDATE,7,0,0.2917,7,11989.14,0,14,1,1,0,1,MEDIUM,1,1,0,0,12,6,0,,TRAIN,SYNTHETIC
CASE-00061,CMP-100061,0,0,NORMAL,8,0,0.3333,8,10732.63,1,16,2,,0,1,LOW,1,1,0,0,13,6,0,,TRAIN,SYNTHETIC
CASE-00062,CMP-100062,0,0,NORMAL,10,0,0.4167,10,11313.3,0,20,1,,0,1,LOW,1,1,0,0,14,6,0,,TRAIN,SYNTHETIC
CASE-00063,CMP-100063,1,0,PROXIMITY,11,1,0.4583,6.1682,16544,1,22,2,0.8777,0,1,LOW,1,1,0,0,16,6,0,0,TRAIN,SYNTHETIC
CASE-00064,CMP-100064,1,1,DELAYED,8,0,0.3333,8,9482.63,0,16,1,1,0,1,LOW,1,1,0,0,16,6,0,,TRAIN,SYNTHETIC
CASE-00065,CMP-100065,0,0,NORMAL,6,0,0.25,6,14756.67,0,12,1,,0,1,MEDIUM,1,1,0,0,17,6,0,,TRAIN,SYNTHETIC
CASE-00066,CMP-100066,1,1,RAPID,7,1,0.2917,7,26809.14,1,14,2,0.938,1,1,HIGH,1,1,0,0,18,6,0,0,TRAIN,SYNTHETIC
CASE-00067,CMP-100067,0,0,NORMAL,6,0,0.25,6,9561.33,0,12,1,,0,1,LOW,1,1,0,0,19,6,0,,TRAIN,SYNTHETIC
CASE-00068,CMP-100068,0,0,NORMAL,6,0,0.25,6,10638,0,12,1,,0,1,LOW,1,1,0,0,20,6,0,,TRAIN,SYNTHETIC
CASE-00069,CMP-100069,0,0,NORMAL,6,0,0.25,6,8057,0,12,1,,0,1,LOW,1,1,0,0,21,6,0,,TRAIN,SYNTHETIC
CASE-00070,CMP-100070,1,0,MULTI_CANDIDATE,6,0,0.25,6,11564.83,0,12,1,1,0,1,MEDIUM,1,1,0,0,22,6,0,,TRAIN,SYNTHETIC
CASE-00071,CMP-100071,0,0,NORMAL,9,0,0.375,9,9244,1,18,2,,0,1,LOW,1,1,0,0,23,6,0,,TRAIN,SYNTHETIC
CASE-00072,CMP-100072,1,1,MULTI_HOP,8,2,0.3333,2.0084,26615,2,15,3,0.8214,0,1,LOW,1,1,0,0,3,0,0,146,TRAIN,SYNTHETIC
CASE-00073,CMP-100073,1,1,PROXIMITY,8,1,0.3333,5.1613,16432.13,1,16,2,0.9063,0,1,LOW,1,1,0,0,2,0,0,0,TRAIN,SYNTHETIC
CASE-00074,CMP-100074,0,0,NORMAL,8,0,0.3333,8,10881.5,0,16,1,,0,1,LOW,1,1,0,0,2,0,0,,VALIDATION,SYNTHETIC
CASE-00075,CMP-100075,0,0,NORMAL,7,0,0.2917,7,11865.71,0,14,1,,0,1,MEDIUM,1,1,0,0,3,0,0,,VALIDATION,SYNTHETIC
CASE-00076,CMP-100076,0,0,NORMAL,8,0,0.3333,8,13384,1,16,2,,0,1,LOW,1,1,0,0,4,0,0,,VALIDATION,SYNTHETIC
CASE-00077,CMP-100077,0,0,NORMAL,7,0,0.2917,7,11329.14,0,14,1,,0,1,HIGH,1,1,0,0,5,0,0,,TEST,SYNTHETIC
CASE-00078,CMP-100078,1,1,PROXIMITY,8,1,0.3333,8,15278.5,1,16,2,0.859,0,1,LOW,1,1,0,0,6,0,0,0,TEST,SYNTHETIC
CASE-00079,CMP-100079,1,1,DELAYED,8,0,0.3333,8,8834.63,0,16,1,1,0,1,LOW,1,1,0,0,7,0,0,,TEST,SYNTHETIC
CASE-00080,CMP-100080,0,0,NORMAL,7,0,0.2917,7,12134.14,0,14,1,,0,1,MEDIUM,1,1,0,0,8,0,0,,TRAIN,SYNTHETIC
CASE-00081,CMP-100081,1,1,RAPID,7,1,0.2917,7,11626.43,1,14,2,0.8538,1,1,LOW,1,1,0,0,9,0,0,0,TRAIN,SYNTHETIC
CASE-00082,CMP-100082,0,0,NORMAL,8,0,0.3333,8,11030,0,16,1,,0,1,LOW,1,1,0,0,10,0,0,,TRAIN,SYNTHETIC
CASE-00083,CMP-100083,1,1,PROXIMITY,10,1,0.4167,6,15950.1,1,20,2,0.848,0,1,LOW,1,1,0,0,12,0,0,0,TRAIN,SYNTHETIC
CASE-00084,CMP-100084,0,0,NORMAL,7,0,0.2917,7,9637.29,0,14,1,,0,1,LOW,1,1,0,0,12,0,0,,TRAIN,SYNTHETIC
CASE-00085,CMP-100085,0,0,NORMAL,10,0,0.4167,10,11485.6,1,20,2,,0,1,MEDIUM,1,1,0,0,13,0,0,,TRAIN,SYNTHETIC
CASE-00086,CMP-100086,0,0,NORMAL,10,0,0.4167,10,10213.8,0,20,1,,0,1,LOW,1,1,0,0,14,0,0,,TRAIN,SYNTHETIC
CASE-00087,CMP-100087,0,0,NORMAL,7,0,0.2917,7,12640,0,14,1,,0,1,LOW,1,1,0,0,15,0,0,,TRAIN,SYNTHETIC
CASE-00088,CMP-100088,0,0,NORMAL,7,0,0.2917,7,9920.86,0,14,1,,0,1,HIGH,1,1,0,0,16,0,0,,TRAIN,SYNTHETIC
CASE-00089,CMP-100089,1,1,DELAYED,7,0,0.2917,7,10246.29,0,14,1,1,0,1,LOW,1,1,0,0,17,0,0,,TRAIN,SYNTHETIC
CASE-00090,CMP-100090,1,1,MULTI_CANDIDATE,6,0,0.25,6,8834.17,0,12,1,1,0,1,MEDIUM,1,1,0,0,18,0,0,,TRAIN,SYNTHETIC
CASE-00091,CMP-100091,0,0,NORMAL,9,0,0.375,9,7329.78,0,18,1,,0,1,LOW,1,1,0,0,19,0,0,,TRAIN,SYNTHETIC
CASE-00092,CMP-100092,0,0,NORMAL,9,0,0.375,9,11597.78,1,18,2,,0,1,LOW,1,1,0,0,20,0,0,,TRAIN,SYNTHETIC
CASE-00093,CMP-100093,0,0,NORMAL,9,0,0.375,9,13396.11,1,18,2,,0,1,LOW,1,1,0,0,21,0,0,,TRAIN,SYNTHETIC
CASE-00094,CMP-100094,1,1,DELAYED,9,1,0.375,0.9,9768.22,1,18,2,0.8302,0,1,LOW,1,1,0,0,8,1,0,0,VALIDATION,SYNTHETIC
CASE-00095,CMP-100095,1,1,MULTI_CANDIDATE,10,1,0.4167,10,17384,1,20,2,0.8592,0,1,MEDIUM,1,1,0,0,23,0,0,0,VALIDATION,SYNTHETIC
CASE-00096,CMP-100096,0,0,NORMAL,10,0,0.4167,10,9141.4,1,20,2,,0,1,LOW,1,1,0,0,0,1,0,,VALIDATION,SYNTHETIC
CASE-00097,CMP-100097,0,0,NORMAL,6,0,0.25,6,9088.5,0,12,1,,0,1,LOW,1,1,0,0,1,1,0,,TEST,SYNTHETIC
CASE-00098,CMP-100098,1,1,PROXIMITY,11,1,0.4583,7.2527,17506.36,1,22,2,0.857,0,1,LOW,1,1,0,0,3,1,0,0,TEST,SYNTHETIC
CASE-00099,CMP-100099,1,1,DELAYED,10,1,0.4167,0.7692,17574.9,1,20,2,0.8636,0,1,HIGH,1,1,0,0,16,1,0,0,TEST,SYNTHETIC
CASE-00100,CMP-100100,1,1,MULTI_CANDIDATE,8,0,0.3333,8,12005.5,0,16,1,1,0,1,MEDIUM,1,1,0,0,4,1,0,,TRAIN,SYNTHETIC
CASE-00101,CMP-100101,0,0,NORMAL,9,0,0.375,9,12672,1,18,2,,0,1,LOW,1,1,0,0,5,1,0,,TRAIN,SYNTHETIC
CASE-00102,CMP-100102,1,1,MULTI_HOP,11,2,0.4583,3.2512,15685.18,2,21,3,0.7638,0,1,LOW,1,1,0,0,9,1,0,143,TRAIN,SYNTHETIC
CASE-00103,CMP-100103,0,0,NORMAL,8,0,0.3333,8,8616.5,1,16,2,,0,1,LOW,1,1,0,0,7,1,0,,TRAIN,SYNTHETIC
CASE-00104,CMP-100104,0,0,NORMAL,9,0,0.375,9,10415,1,18,2,,0,1,LOW,1,1,0,0,8,1,0,,TRAIN,SYNTHETIC
CASE-00105,CMP-100105,0,0,NORMAL,9,0,0.375,9,10716.56,1,18,2,,0,1,MEDIUM,1,1,0,0,9,1,0,,TRAIN,SYNTHETIC
CASE-00106,CMP-100106,1,1,RAPID,10,1,0.4167,10,13502.7,1,20,2,0.8286,1,1,LOW,1,1,0,0,10,1,0,0,TRAIN,SYNTHETIC
CASE-00107,CMP-100107,1,1,MULTI_HOP,11,2,0.4583,5.0769,23949.64,2,21,3,0.7836,0,1,LOW,1,1,0,0,13,1,0,97,TRAIN,SYNTHETIC
CASE-00108,CMP-100108,1,1,PROXIMITY,9,1,0.375,9,13520.22,1,18,2,0.8483,0,1,LOW,1,1,0,0,12,1,0,0,TRAIN,SYNTHETIC
CASE-00109,CMP-100109,1,1,DELAYED,11,1,0.4583,0.3667,14194.18,1,22,2,0.9124,0,1,LOW,1,1,0,0,19,2,0,0,TRAIN,SYNTHETIC
CASE-00110,CMP-100110,0,0,NORMAL,9,0,0.375,9,12394.33,1,18,2,,0,1,HIGH,1,1,0,0,14,1,0,,TRAIN,SYNTHETIC
CASE-00111,CMP-100111,1,1,RAPID,10,1,0.4167,10,18058.1,1,20,2,0.9355,1,1,LOW,1,1,0,0,15,1,0,0,TRAIN,SYNTHETIC
CASE-00112,CMP-100112,0,0,NORMAL,6,0,0.25,6,8188.33,1,12,2,,0,1,LOW,1,1,0,0,16,1,0,,TRAIN,SYNTHETIC
CASE-00113,CMP-100113,0,0,NORMAL,8,0,0.3333,8,9730.63,0,16,1,,0,1,LOW,1,1,0,0,17,1,0,,TRAIN,SYNTHETIC
CASE-00114,CMP-100114,1,0,DELAYED,11,1,0.4583,0.5238,15099.27,1,22,2,0.851,0,1,LOW,1,1,0,0,15,2,0,0,VALIDATION,SYNTHETIC
CASE-00115,CMP-100115,0,0,NORMAL,7,0,0.2917,7,11771.14,0,14,1,,0,1,MEDIUM,1,1,0,0,19,1,0,,VALIDATION,SYNTHETIC
CASE-00116,CMP-100116,0,0,NORMAL,9,0,0.375,9,9542.11,0,18,1,,0,1,LOW,1,1,0,0,20,1,0,,VALIDATION,SYNTHETIC
CASE-00117,CMP-100117,0,0,NORMAL,7,0,0.2917,7,13334.86,0,14,1,,0,1,LOW,1,1,0,0,21,1,0,,TEST,SYNTHETIC
CASE-00118,CMP-100118,1,1,PROXIMITY,10,1,0.4167,9.5238,9587.7,1,20,2,0.8777,0,1,LOW,1,1,0,0,23,1,0,0,TEST,SYNTHETIC
CASE-00119,CMP-100119,1,1,DELAYED,8,0,0.3333,8,8956,0,16,1,1,0,1,LOW,1,1,0,0,23,1,0,,TEST,SYNTHETIC
CASE-00120,CMP-100120,1,1,MULTI_CANDIDATE,9,0,0.375,9,6822,0,18,1,1,0,1,MEDIUM,1,1,0,0,0,2,0,,TRAIN,SYNTHETIC
CASE-00121,CMP-100121,0,0,NORMAL,8,0,0.3333,8,14684.13,0,16,1,,0,1,HIGH,1,1,0,0,1,2,0,,TRAIN,SYNTHETIC
CASE-00122,CMP-100122,1,1,MULTI_HOP,9,2,0.375,2.16,25859.44,2,17,3,0.7359,0,1,LOW,1,1,0,0,6,2,0,130,TRAIN,SYNTHETIC
CASE-00123,CMP-100123,0,0,NORMAL,9,0,0.375,9,13248.56,1,18,2,,0,1,LOW,1,1,0,0,3,2,0,,TRAIN,SYNTHETIC
CASE-00124,CMP-100124,0,0,NORMAL,7,0,0.2917,7,12837.43,1,14,2,,0,1,LOW,1,1,0,0,4,2,0,,TRAIN,SYNTHETIC
CASE-00125,CMP-100125,1,0,MULTI_CANDIDATE,6,0,0.25,6,10219.83,0,12,1,1,0,1,MEDIUM,1,1,0,0,5,2,0,,TRAIN,SYNTHETIC
CASE-00126,CMP-100126,1,1,RAPID,9,1,0.375,9,13020.78,1,18,2,0.909,1,1,LOW,1,1,0,0,6,2,0,0,TRAIN,SYNTHETIC
CASE-00127,CMP-100127,0,0,NORMAL,6,0,0.25,6,14849.17,0,12,1,,0,1,LOW,1,1,0,0,7,2,0,,TRAIN,SYNTHETIC
CASE-00128,CMP-100128,0,0,NORMAL,10,0,0.4167,10,9867,1,20,2,,0,1,LOW,1,1,0,0,8,2,0,,TRAIN,SYNTHETIC
CASE-00129,CMP-100129,1,1,DELAYED,11,1,0.4583,0.5,14742.36,1,22,2,0.8352,0,1,LOW,1,1,0,0,7,3,0,0,TRAIN,SYNTHETIC
CASE-00130,CMP-100130,1,1,MULTI_CANDIDATE,9,0,0.375,9,13143.67,0,18,1,1,0,1,MEDIUM,1,1,0,0,10,2,0,,TRAIN,SYNTHETIC
CASE-00131,CMP-100131,0,0,NORMAL,10,0,0.4167,10,13585.7,0,20,1,,0,1,LOW,1,1,0,0,11,2,0,,TRAIN,SYNTHETIC
CASE-00132,CMP-100132,1,1,MULTI_HOP,10,2,0.4167,3.4286,16718.4,2,19,3,0.753,0,1,HIGH,1,1,0,0,14,2,0,89,TRAIN,SYNTHETIC
CASE-00133,CMP-100133,0,0,NORMAL,7,0,0.2917,7,9556.86,1,14,2,,0,1,LOW,1,1,0,0,13,2,0,,TRAIN,SYNTHETIC
CASE-00134,CMP-100134,1,1,DELAYED,6,0,0.25,6,11721.33,0,12,1,1,0,1,LOW,1,1,0,0,14,2,0,,VALIDATION,SYNTHETIC
CASE-00135,CMP-100135,1,1,MULTI_CANDIDATE,6,0,0.25,6,13143,0,12,1,1,0,1,MEDIUM,1,1,0,0,15,2,0,,VALIDATION,SYNTHETIC
CASE-00136,CMP-100136,1,1,RAPID,10,1,0.4167,10,18416.3,1,20,2,0.8453,1,1,LOW,1,1,0,0,16,2,0,0,VALIDATION,SYNTHETIC
CASE-00137,CMP-100137,0,0,NORMAL,6,0,0.25,6,8202,0,12,1,,0,1,LOW,1,1,0,0,17,2,0,,TEST,SYNTHETIC
CASE-00138,CMP-100138,1,1,PROXIMITY,9,1,0.375,5.6842,21801.89,1,18,2,0.8958,0,1,LOW,1,1,0,0,19,2,0,0,TEST,SYNTHETIC
CASE-00139,CMP-100139,0,0,NORMAL,6,0,0.25,6,7841,0,12,1,,0,1,LOW,1,1,0,0,19,2,0,,TEST,SYNTHETIC
CASE-00140,CMP-100140,1,1,MULTI_CANDIDATE,10,0,0.4167,10,7687.2,0,20,1,1,0,1,MEDIUM,1,1,0,0,20,2,0,,TRAIN,SYNTHETIC
CASE-00141,CMP-100141,1,1,RAPID,10,1,0.4167,10,19381.7,1,20,2,0.9072,1,1,LOW,1,1,0,0,21,2,0,0,TRAIN,SYNTHETIC
CASE-00142,CMP-100142,0,0,NORMAL,7,0,0.2917,7,11721.14,1,14,2,,0,1,LOW,1,1,0,0,22,2,0,,TRAIN,SYNTHETIC
CASE-00143,CMP-100143,0,0,NORMAL,8,0,0.3333,8,8849.63,0,16,1,,0,1,HIGH,1,1,0,0,23,2,0,,TRAIN,SYNTHETIC
CASE-00144,CMP-100144,0,0,NORMAL,10,0,0.4167,10,11878.3,0,20,1,,0,1,LOW,1,1,0,0,0,3,0,,TRAIN,SYNTHETIC
CASE-00145,CMP-100145,0,0,NORMAL,8,0,0.3333,8,11148.75,0,16,1,,0,1,MEDIUM,1,1,0,0,1,3,0,,TRAIN,SYNTHETIC
CASE-00146,CMP-100146,0,0,NORMAL,10,0,0.4167,10,11178.9,0,20,1,,0,1,LOW,1,1,0,0,2,3,0,,TRAIN,SYNTHETIC
CASE-00147,CMP-100147,1,1,MULTI_HOP,11,3,0.4583,2.9333,23219.91,3,20,4,0.7724,0,1,LOW,1,1,0,0,6,3,0,102,TRAIN,SYNTHETIC
CASE-00148,CMP-100148,0,0,NORMAL,6,0,0.25,6,13814,0,12,1,,0,1,LOW,1,1,0,0,4,3,0,,TRAIN,SYNTHETIC
CASE-00149,CMP-100149,0,0,NORMAL,6,0,0.25,6,7846.17,0,12,1,,0,1,LOW,1,1,0,0,5,3,0,,TRAIN,SYNTHETIC
CASE-00150,CMP-100150,0,0,NORMAL,10,0,0.4167,10,13075.6,1,20,2,,0,1,MEDIUM,1,1,0,0,6,3,0,,TRAIN,SYNTHETIC
CASE-00151,CMP-100151,0,0,NORMAL,7,0,0.2917,7,10037.14,1,14,2,,0,1,LOW,1,1,0,0,7,3,0,,TRAIN,SYNTHETIC
CASE-00152,CMP-100152,0,0,NORMAL,6,0,0.25,6,12084.17,0,12,1,,0,1,LOW,1,1,0,0,8,3,0,,TRAIN,SYNTHETIC
CASE-00153,CMP-100153,1,1,PROXIMITY,11,1,0.4583,11,17085.55,1,22,2,0.8246,0,1,LOW,1,1,0,0,9,3,0,0,TRAIN,SYNTHETIC
CASE-00154,CMP-100154,1,1,DELAYED,10,1,0.4167,0.5556,16157.5,1,20,2,0.9384,0,1,HIGH,1,1,0,0,4,4,0,0,VALIDATION,SYNTHETIC
CASE-00155,CMP-100155,1,1,MULTI_CANDIDATE,10,1,0.4167,5.3571,13810.6,1,20,2,0.8406,0,1,MEDIUM,1,1,0,0,12,3,0,0,VALIDATION,SYNTHETIC
CASE-00156,CMP-100156,1,1,RAPID,9,1,0.375,9,15026.56,1,18,2,0.8999,1,1,LOW,1,1,0,0,12,3,0,0,VALIDATION,SYNTHETIC
CASE-00157,CMP-100157,0,0,NORMAL,6,0,0.25,6,16846.5,1,12,2,,0,1,LOW,1,1,0,0,13,3,0,,TEST,SYNTHETIC
CASE-00158,CMP-100158,1,0,PROXIMITY,8,1,0.3333,2.6667,21202.75,1,16,2,0.853,0,1,LOW,1,1,0,0,17,3,0,0,TEST,SYNTHETIC
CASE-00159,CMP-100159,0,0,NORMAL,9,0,0.375,9,12036.89,1,18,2,,0,1,LOW,1,1,0,0,15,3,0,,TEST,SYNTHETIC
CASE-00160,CMP-100160,1,1,MULTI_CANDIDATE,8,1,0.3333,3.2877,19804.25,1,16,2,0.8209,0,1,MEDIUM,1,1,0,0,18,3,0,0,TRAIN,SYNTHETIC
CASE-00161,CMP-100161,0,0,NORMAL,8,0,0.3333,8,13692.13,1,16,2,,0,1,LOW,1,1,0,0,17,3,0,,TRAIN,SYNTHETIC
CASE-00162,CMP-100162,0,0,NORMAL,7,0,0.2917,7,9857.29,1,14,2,,0,1,LOW,1,1,0,0,18,3,0,,TRAIN,SYNTHETIC
CASE-00163,CMP-100163,0,0,NORMAL,8,0,0.3333,8,12040.13,0,16,1,,0,1,LOW,1,1,0,0,19,3,0,,TRAIN,SYNTHETIC
CASE-00164,CMP-100164,1,1,DELAYED,7,0,0.2917,7,15168,0,14,1,1,0,1,LOW,1,1,0,0,20,3,0,,TRAIN,SYNTHETIC
CASE-00165,CMP-100165,1,1,MULTI_CANDIDATE,9,1,0.375,9,11168.22,1,18,2,0.9229,0,1,HIGH,1,1,0,0,21,3,0,0,TRAIN,SYNTHETIC
CASE-00166,CMP-100166,1,1,RAPID,10,1,0.4167,10,10467.5,1,20,2,0.8907,1,1,LOW,1,1,0,0,22,3,0,0,TRAIN,SYNTHETIC
CASE-00167,CMP-100167,1,1,MULTI_HOP,12,3,0.5,2.3377,20678.75,3,22,4,0.7443,0,1,LOW,1,1,0,0,4,4,0,268,TRAIN,SYNTHETIC
CASE-00168,CMP-100168,1,1,PROXIMITY,10,1,0.4167,3.3333,15625.7,1,20,2,0.9161,0,1,LOW,1,1,0,0,3,4,0,0,TRAIN,SYNTHETIC
CASE-00169,CMP-100169,0,0,NORMAL,10,0,0.4167,10,15976.9,0,20,1,,0,1,LOW,1,1,0,0,1,4,0,,TRAIN,SYNTHETIC
CASE-00170,CMP-100170,0,0,NORMAL,8,0,0.3333,8,11883.38,1,16,2,,0,1,MEDIUM,1,1,0,0,2,4,0,,TRAIN,SYNTHETIC
CASE-00171,CMP-100171,1,1,RAPID,10,1,0.4167,10,16596.7,1,20,2,0.8326,1,1,LOW,1,1,0,0,3,4,0,0,TRAIN,SYNTHETIC
CASE-00172,CMP-100172,0,0,NORMAL,10,0,0.4167,10,14812.1,0,20,1,,0,1,LOW,1,1,0,0,4,4,0,,TRAIN,SYNTHETIC
CASE-00173,CMP-100173,0,0,NORMAL,8,0,0.3333,8,14123.63,0,16,1,,0,1,LOW,1,1,0,0,5,4,0,,TRAIN,SYNTHETIC
CASE-00174,CMP-100174,1,1,DELAYED,9,1,0.375,0.5,20901.44,1,18,2,0.8563,0,1,LOW,1,1,0,0,0,5,0,0,VALIDATION,SYNTHETIC
CASE-00175,CMP-100175,0,0,NORMAL,6,0,0.25,6,10476,0,12,1,,0,1,MEDIUM,1,1,0,0,7,4,0,,VALIDATION,SYNTHETIC
CASE-00176,CMP-100176,0,0,NORMAL,6,0,0.25,6,10765.67,0,12,1,,0,1,HIGH,1,1,0,0,8,4,0,,VALIDATION,SYNTHETIC
CASE-00177,CMP-100177,0,0,NORMAL,6,0,0.25,6,13802.67,0,12,1,,0,1,LOW,1,1,0,0,9,4,0,,TEST,SYNTHETIC
CASE-00178,CMP-100178,1,1,PROXIMITY,8,1,0.3333,2.963,15285.13,1,16,2,0.9305,0,1,LOW,1,1,0,0,12,4,0,0,TEST,SYNTHETIC
CASE-00179,CMP-100179,0,0,NORMAL,7,0,0.2917,7,9699.43,1,14,2,,0,1,LOW,1,1,0,0,11,4,0,,TEST,SYNTHETIC
CASE-00180,CMP-100180,0,0,NORMAL,6,0,0.25,6,11464.17,1,12,2,,0,1,MEDIUM,1,1,0,0,12,4,0,,TRAIN,SYNTHETIC
CASE-00181,CMP-100181,1,0,RAPID,9,1,0.375,9,21369,1,18,2,0.8429,1,1,LOW,1,1,0,0,13,4,0,0,TRAIN,SYNTHETIC
CASE-00182,CMP-100182,0,0,NORMAL,9,0,0.375,9,11547.11,0,18,1,,0,1,LOW,1,1,0,0,14,4,0,,TRAIN,SYNTHETIC
CASE-00183,CMP-100183,0,0,NORMAL,10,0,0.4167,10,10169.4,1,20,2,,0,1,LOW,1,1,0,0,15,4,0,,TRAIN,SYNTHETIC
CASE-00184,CMP-100184,0,0,NORMAL,9,0,0.375,9,13079.67,0,18,1,,0,1,LOW,1,1,0,0,16,4,0,,TRAIN,SYNTHETIC
CASE-00185,CMP-100185,0,0,NORMAL,9,0,0.375,9,11458.44,0,18,1,,0,1,MEDIUM,1,1,0,0,17,4,0,,TRAIN,SYNTHETIC
CASE-00186,CMP-100186,0,0,NORMAL,8,0,0.3333,8,11965.25,1,16,2,,0,1,LOW,1,1,0,0,18,4,0,,TRAIN,SYNTHETIC
CASE-00187,CMP-100187,0,0,NORMAL,9,0,0.375,9,13521.89,0,18,1,,0,1,HIGH,1,1,0,0,19,4,0,,TRAIN,SYNTHETIC
CASE-00188,CMP-100188,1,1,PROXIMITY,10,1,0.4167,3.5503,14274.1,1,20,2,0.8741,0,1,LOW,1,1,0,0,22,4,0,0,TRAIN,SYNTHETIC
CASE-00189,CMP-100189,1,1,DELAYED,9,1,0.375,0.3462,11412.11,1,18,2,0.8866,0,1,LOW,1,1,0,0,23,5,0,0,TRAIN,SYNTHETIC
CASE-00190,CMP-100190,0,0,NORMAL,9,0,0.375,9,13719.22,0,18,1,,0,1,MEDIUM,1,1,0,0,22,4,0,,TRAIN,SYNTHETIC
CASE-00191,CMP-100191,1,1,RAPID,8,1,0.3333,8,13916.75,1,16,2,0.8334,1,1,LOW,1,1,0,0,23,4,0,0,TRAIN,SYNTHETIC
CASE-00192,CMP-100192,1,0,MULTI_HOP,12,3,0.5,1.8557,17103.25,3,22,4,0.7224,0,1,LOW,1,1,0,0,6,5,0,303,TRAIN,SYNTHETIC
CASE-00193,CMP-100193,0,0,NORMAL,9,0,0.375,9,13727.78,1,18,2,,0,1,LOW,1,1,0,0,1,5,0,,TRAIN,SYNTHETIC
CASE-00194,CMP-100194,1,1,DELAYED,6,0,0.25,6,11209.33,0,12,1,1,0,1,LOW,1,1,0,0,2,5,0,,VALIDATION,SYNTHETIC
CASE-00195,CMP-100195,0,0,NORMAL,10,0,0.4167,10,12515.5,0,20,1,,0,1,MEDIUM,1,1,0,0,3,5,0,,VALIDATION,SYNTHETIC
CASE-00196,CMP-100196,0,0,NORMAL,9,0,0.375,9,13365,0,18,1,,0,1,LOW,1,1,0,0,4,5,0,,VALIDATION,SYNTHETIC
CASE-00197,CMP-100197,0,0,NORMAL,10,0,0.4167,10,11337.8,0,20,1,,0,1,LOW,1,1,0,0,5,5,0,,TEST,SYNTHETIC
CASE-00198,CMP-100198,0,0,NORMAL,6,0,0.25,6,16565.17,1,12,2,,0,1,HIGH,1,1,0,0,6,5,0,,TEST,SYNTHETIC
CASE-00199,CMP-100199,0,0,NORMAL,7,0,0.2917,7,8663.14,1,14,2,,0,1,LOW,1,1,0,0,7,5,0,,TEST,SYNTHETIC
CASE-00200,CMP-100200,1,1,MULTI_CANDIDATE,10,1,0.4167,4.1667,13855.8,1,20,2,0.8377,0,1,MEDIUM,1,1,0,0,10,5,0,0,TRAIN,SYNTHETIC
CASE-00201,CMP-100201,1,1,RAPID,8,1,0.3333,8,15589.63,1,16,2,0.8801,1,1,LOW,1,1,0,0,9,5,0,0,TRAIN,SYNTHETIC
CASE-00202,CMP-100202,1,1,MULTI_HOP,9,2,0.375,6.3529,13493.11,2,17,3,0.7603,0,1,LOW,1,1,0,0,11,5,0,39,TRAIN,SYNTHETIC
CASE-00203,CMP-100203,1,1,PROXIMITY,7,1,0.2917,3.6842,24736.71,1,14,2,0.9215,0,1,LOW,1,1,0,0,12,5,0,0,TRAIN,SYNTHETIC
CASE-00204,CMP-100204,1,1,DELAYED,8,0,0.3333,8,12573.5,0,16,1,1,0,1,LOW,1,1,0,0,12,5,0,,TRAIN,SYNTHETIC
CASE-00205,CMP-100205,0,0,NORMAL,8,0,0.3333,8,9307.25,0,16,1,,0,1,MEDIUM,1,1,0,0,13,5,0,,TRAIN,SYNTHETIC
CASE-00206,CMP-100206,0,0,NORMAL,7,0,0.2917,7,11599.29,0,14,1,,0,1,LOW,1,1,0,0,14,5,0,,TRAIN,SYNTHETIC
CASE-00207,CMP-100207,0,0,NORMAL,6,0,0.25,6,9439.67,1,12,2,,0,1,LOW,1,1,0,0,15,5,0,,TRAIN,SYNTHETIC
CASE-00208,CMP-100208,0,0,NORMAL,7,0,0.2917,7,9135.43,0,14,1,,0,1,LOW,1,1,0,0,16,5,0,,TRAIN,SYNTHETIC
CASE-00209,CMP-100209,0,0,NORMAL,8,0,0.3333,8,11260,0,16,1,,0,1,HIGH,1,1,0,0,17,5,0,,TRAIN,SYNTHETIC
CASE-00210,CMP-100210,1,1,MULTI_CANDIDATE,9,0,0.375,9,14517.33,0,18,1,1,0,1,MEDIUM,1,1,0,0,18,5,0,,TRAIN,SYNTHETIC
CASE-00211,CMP-100211,1,1,RAPID,7,1,0.2917,7,13145.71,1,14,2,0.9046,1,1,LOW,1,1,0,0,19,5,0,0,TRAIN,SYNTHETIC
CASE-00212,CMP-100212,0,0,NORMAL,9,0,0.375,9,9807,1,18,2,,0,1,LOW,1,1,0,0,20,5,0,,TRAIN,SYNTHETIC
CASE-00213,CMP-100213,1,1,PROXIMITY,7,1,0.2917,7,18205.43,1,14,2,0.8608,0,1,LOW,1,1,0,0,21,5,0,0,TRAIN,SYNTHETIC
CASE-00214,CMP-100214,0,0,NORMAL,6,0,0.25,6,15294.67,0,12,1,,0,1,LOW,1,1,0,0,22,5,0,,VALIDATION,SYNTHETIC
CASE-00215,CMP-100215,0,0,NORMAL,10,0,0.4167,10,11721.6,0,20,1,,0,1,MEDIUM,1,1,0,0,23,5,0,,VALIDATION,SYNTHETIC
CASE-00216,CMP-100216,1,1,RAPID,7,1,0.2917,7,24476.29,1,14,2,0.9033,1,1,LOW,1,1,0,0,0,6,0,0,VALIDATION,SYNTHETIC
CASE-00217,CMP-100217,1,1,MULTI_HOP,12,2,0.5,3.4783,18057.08,2,23,3,0.734,0,1,LOW,1,1,0,0,4,6,0,154,TEST,SYNTHETIC
CASE-00218,CMP-100218,0,0,NORMAL,9,0,0.375,9,11240.67,0,18,1,,0,1,LOW,1,1,0,0,2,6,0,,TEST,SYNTHETIC
CASE-00219,CMP-100219,1,1,DELAYED,8,1,0.3333,0.8889,18116,1,16,2,0.9254,0,1,LOW,1,1,0,0,12,6,0,0,TEST,SYNTHETIC
CASE-00220,CMP-100220,0,0,NORMAL,7,0,0.2917,7,8979.43,1,14,2,,0,1,HIGH,1,1,0,0,4,6,0,,TRAIN,SYNTHETIC
CASE-00221,CMP-100221,1,1,RAPID,10,1,0.4167,10,12610.6,1,20,2,0.8526,1,1,LOW,1,1,0,0,5,6,0,0,TRAIN,SYNTHETIC
CASE-00222,CMP-100222,1,1,MULTI_HOP,9,3,0.375,1.5789,40256.56,3,16,4,0.7339,0,1,LOW,1,1,0,0,11,6,0,203,TRAIN,SYNTHETIC
CASE-00223,CMP-100223,0,0,NORMAL,8,0,0.3333,8,11848.5,1,16,2,,0,1,LOW,1,1,0,0,7,6,0,,TRAIN,SYNTHETIC
CASE-00224,CMP-100224,0,0,NORMAL,7,0,0.2917,7,12838.57,1,14,2,,0,1,LOW,1,1,0,0,8,6,0,,TRAIN,SYNTHETIC
CASE-00225,CMP-100225,0,0,NORMAL,10,0,0.4167,10,11395.1,1,20,2,,0,1,MEDIUM,1,1,0,0,9,6,0,,TRAIN,SYNTHETIC
CASE-00226,CMP-100226,1,1,RAPID,8,1,0.3333,8,23961.25,1,16,2,0.908,1,1,LOW,1,1,0,0,10,6,0,0,TRAIN,SYNTHETIC
CASE-00227,CMP-100227,1,1,MULTI_HOP,11,2,0.4583,1.9075,16160.55,2,21,3,0.7994,0,1,LOW,1,1,0,0,16,6,0,170,TRAIN,SYNTHETIC
CASE-00228,CMP-100228,1,1,PROXIMITY,7,1,0.2917,2.7632,10180.86,1,14,2,0.8869,0,1,LOW,1,1,0,0,14,6,0,0,TRAIN,SYNTHETIC
CASE-00229,CMP-100229,1,1,DELAYED,7,1,0.2917,0.1944,12429,1,14,2,0.9085,0,1,LOW,1,1,0,0,1,1,0,0,TRAIN,SYNTHETIC
CASE-00230,CMP-100230,0,0,NORMAL,8,0,0.3333,8,10225.13,0,16,1,,0,1,MEDIUM,1,1,0,0,14,6,0,,TRAIN,SYNTHETIC
CASE-00231,CMP-100231,1,1,RAPID,10,1,0.4167,10,12984.5,1,20,2,0.8833,1,1,HIGH,1,1,0,0,15,6,0,0,TRAIN,SYNTHETIC
CASE-00232,CMP-100232,0,0,NORMAL,8,0,0.3333,8,15225.88,1,16,2,,0,1,LOW,1,1,0,0,16,6,0,,TRAIN,SYNTHETIC
CASE-00233,CMP-100233,1,1,PROXIMITY,7,1,0.2917,7,17679.57,1,14,2,0.9158,0,1,LOW,1,1,0,0,17,6,0,0,TRAIN,SYNTHETIC
CASE-00234,CMP-100234,0,0,NORMAL,8,0,0.3333,8,6611.63,0,16,1,,0,1,LOW,1,1,0,0,18,6,0,,VALIDATION,SYNTHETIC
CASE-00235,CMP-100235,0,0,NORMAL,7,0,0.2917,7,9788.86,0,14,1,,0,1,MEDIUM,1,1,0,0,19,6,0,,VALIDATION,SYNTHETIC
CASE-00236,CMP-100236,0,0,NORMAL,7,0,0.2917,7,14650.57,1,14,2,,0,1,LOW,1,1,0,0,20,6,0,,VALIDATION,SYNTHETIC
CASE-00237,CMP-100237,1,1,MULTI_HOP,9,2,0.375,3.6986,28789.33,2,17,3,0.7932,0,1,LOW,1,1,0,0,23,6,0,75,TEST,SYNTHETIC
CASE-00238,CMP-100238,1,1,PROXIMITY,7,1,0.2917,7,15864.43,1,14,2,0.8665,0,1,LOW,1,1,0,0,22,6,0,0,TEST,SYNTHETIC
CASE-00239,CMP-100239,0,0,NORMAL,9,0,0.375,9,11763.44,1,18,2,,0,1,LOW,1,1,0,0,23,6,0,,TEST,SYNTHETIC
CASE-00240,CMP-100240,0,0,NORMAL,7,0,0.2917,7,9711.29,0,14,1,,0,1,MEDIUM,1,1,0,0,0,0,0,,TRAIN,SYNTHETIC
CASE-00241,CMP-100241,0,0,NORMAL,9,0,0.375,9,11534.11,0,18,1,,0,1,LOW,1,1,0,0,1,0,0,,TRAIN,SYNTHETIC
CASE-00242,CMP-100242,0,0,NORMAL,7,0,0.2917,7,10742,0,14,1,,0,1,HIGH,1,1,0,0,2,0,0,,TRAIN,SYNTHETIC
CASE-00243,CMP-100243,1,1,PROXIMITY,7,1,0.2917,3.7838,23041.14,1,14,2,0.8731,0,1,LOW,1,1,0,0,4,0,0,0,TRAIN,SYNTHETIC
CASE-00244,CMP-100244,1,1,DELAYED,6,0,0.25,6,13109.17,0,12,1,1,0,1,LOW,1,1,0,0,4,0,0,,TRAIN,SYNTHETIC
CASE-00245,CMP-100245,1,1,MULTI_CANDIDATE,11,1,0.4583,5.5,20381.64,1,22,2,0.8889,0,1,MEDIUM,1,1,0,0,7,0,0,0,TRAIN,SYNTHETIC
CASE-00246,CMP-100246,1,0,RAPID,9,1,0.375,9,12927.11,1,18,2,0.9358,1,1,LOW,1,1,0,0,6,0,0,0,TRAIN,SYNTHETIC
CASE-00247,CMP-100247,1,1,MULTI_HOP,10,3,0.4167,1.7595,28292.8,3,18,4,0.6534,0,1,LOW,1,1,0,0,12,0,0,211,TRAIN,SYNTHETIC
CASE-00248,CMP-100248,1,0,PROXIMITY,11,1,0.4583,4.3137,12653.55,1,22,2,0.8273,0,1,LOW,1,1,0,0,10,0,0,0,TRAIN,SYNTHETIC
CASE-00249,CMP-100249,0,0,NORMAL,10,0,0.4167,10,9469.6,0,20,1,,0,1,LOW,1,1,0,0,9,0,0,,TRAIN,SYNTHETIC
CASE-00250,CMP-100250,0,0,NORMAL,10,0,0.4167,10,8997,1,20,2,,0,1,MEDIUM,1,1,0,0,10,0,0,,TRAIN,SYNTHETIC
CASE-00251,CMP-100251,0,0,NORMAL,8,0,0.3333,8,14259.38,0,16,1,,0,1,LOW,1,1,0,0,11,0,0,,TRAIN,SYNTHETIC
CASE-00252,CMP-100252,0,0,NORMAL,10,0,0.4167,10,11740.4,1,20,2,,0,1,LOW,1,1,0,0,12,0,0,,TRAIN,SYNTHETIC
CASE-00253,CMP-100253,1,1,PROXIMITY,8,1,0.3333,6.4865,18555.63,1,16,2,0.8876,0,1,HIGH,1,1,0,0,14,0,0,0,TRAIN,SYNTHETIC
CASE-00254,CMP-100254,1,1,DELAYED,8,1,0.3333,0.2759,21692.88,1,16,2,0.8429,0,1,LOW,1,1,0,0,19,1,0,0,VALIDATION,SYNTHETIC
CASE-00255,CMP-100255,0,0,NORMAL,10,0,0.4167,10,11248.7,0,20,1,,0,1,MEDIUM,1,1,0,0,15,0,0,,VALIDATION,SYNTHETIC
CASE-00256,CMP-100256,0,0,NORMAL,9,0,0.375,9,11453.78,0,18,1,,0,1,LOW,1,1,0,0,16,0,0,,VALIDATION,SYNTHETIC
CASE-00257,CMP-100257,0,0,NORMAL,9,0,0.375,9,10889.78,0,18,1,,0,1,LOW,1,1,0,0,17,0,0,,TEST,SYNTHETIC
CASE-00258,CMP-100258,0,0,NORMAL,8,0,0.3333,8,9829.38,0,16,1,,0,1,LOW,1,1,0,0,18,0,0,,TEST,SYNTHETIC
CASE-00259,CMP-100259,0,0,NORMAL,7,0,0.2917,7,9520.86,0,14,1,,0,1,LOW,1,1,0,0,19,0,0,,TEST,SYNTHETIC
CASE-00260,CMP-100260,1,1,MULTI_CANDIDATE,9,0,0.375,9,11865.56,0,18,1,1,0,1,MEDIUM,1,1,0,0,20,0,0,,TRAIN,SYNTHETIC
CASE-00261,CMP-100261,1,1,RAPID,10,1,0.4167,10,12145.7,1,20,2,0.8662,1,1,LOW,1,1,0,0,21,0,0,0,TRAIN,SYNTHETIC
CASE-00262,CMP-100262,0,0,NORMAL,7,0,0.2917,7,13553.14,0,14,1,,0,1,LOW,1,1,0,0,22,0,0,,TRAIN,SYNTHETIC
CASE-00263,CMP-100263,1,1,PROXIMITY,9,1,0.375,9,13615.44,1,18,2,0.9233,0,1,LOW,1,1,0,0,23,0,0,0,TRAIN,SYNTHETIC
CASE-00264,CMP-100264,1,1,DELAYED,9,1,0.375,0.9,15189.33,1,18,2,0.8434,0,1,HIGH,1,1,0,0,10,1,0,0,TRAIN,SYNTHETIC
CASE-00265,CMP-100265,1,1,MULTI_CANDIDATE,8,1,0.3333,2.8235,15602.38,1,16,2,0.8299,0,1,MEDIUM,1,1,0,0,3,1,0,0,TRAIN,SYNTHETIC
CASE-00266,CMP-100266,1,1,RAPID,11,1,0.4583,11,13671.36,1,22,2,0.9325,1,1,LOW,1,1,0,0,2,1,0,0,TRAIN,SYNTHETIC
CASE-00267,CMP-100267,1,1,MULTI_HOP,8,2,0.3333,2.807,19384.63,2,15,3,0.7914,0,1,LOW,1,1,0,0,5,1,0,21,TRAIN,SYNTHETIC
CASE-00268,CMP-100268,1,1,PROXIMITY,11,1,0.4583,4.9254,18079,1,22,2,0.8774,0,1,LOW,1,1,0,0,6,1,0,0,TRAIN,SYNTHETIC
CASE-00269,CMP-100269,1,1,DELAYED,9,0,0.375,9,8613,0,18,1,1,0,1,LOW,1,1,0,0,5,1,0,,TRAIN,SYNTHETIC
CASE-00270,CMP-100270,0,0,NORMAL,7,0,0.2917,7,12373.86,0,14,1,,0,1,MEDIUM,1,1,0,0,6,1,0,,TRAIN,SYNTHETIC
CASE-00271,CMP-100271,0,0,NORMAL,6,0,0.25,6,9150.83,1,12,2,,0,1,LOW,1,1,0,0,7,1,0,,TRAIN,SYNTHETIC
CASE-00272,CMP-100272,1,1,MULTI_HOP,12,3,0.5,1.7062,29834.67,3,22,4,0.6392,0,1,LOW,1,1,0,0,15,1,0,276,TRAIN,SYNTHETIC
CASE-00273,CMP-100273,1,1,PROXIMITY,9,1,0.375,3.1765,22843.22,1,18,2,0.9,0,1,LOW,1,1,0,0,11,1,0,0,TRAIN,SYNTHETIC
CASE-00274,CMP-100274,0,0,NORMAL,8,0,0.3333,8,11006.63,0,16,1,,0,1,LOW,1,1,0,0,10,1,0,,VALIDATION,SYNTHETIC
CASE-00275,CMP-100275,1,1,MULTI_CANDIDATE,9,0,0.375,9,9082.56,0,18,1,1,0,1,HIGH,1,1,0,0,11,1,0,,VALIDATION,SYNTHETIC
CASE-00276,CMP-100276,1,1,RAPID,7,1,0.2917,7,13859.86,1,14,2,0.8754,1,1,LOW,1,1,0,0,12,1,0,0,VALIDATION,SYNTHETIC
CASE-00277,CMP-100277,0,0,NORMAL,9,0,0.375,9,13511.22,1,18,2,,0,1,LOW,1,1,0,0,13,1,0,,TEST,SYNTHETIC
CASE-00278,CMP-100278,1,1,PROXIMITY,9,1,0.375,9,21654.67,1,18,2,0.8918,0,1,LOW,1,1,0,0,14,1,0,0,TEST,SYNTHETIC
CASE-00279,CMP-100279,0,0,NORMAL,8,0,0.3333,8,8843.13,1,16,2,,0,1,LOW,1,1,0,0,15,1,0,,TEST,SYNTHETIC
CASE-00280,CMP-100280,1,1,MULTI_CANDIDATE,10,1,0.4167,6.3158,17580.4,1,19,2,0.8535,0,1.1111,MEDIUM,1,1,0,0,17,1,0,0,TRAIN,SYNTHETIC
CASE-00281,CMP-100281,1,1,RAPID,10,1,0.4167,10,17093.2,1,20,2,0.8841,1,1,LOW,1,1,0,0,17,1,0,0,TRAIN,SYNTHETIC
CASE-00282,CMP-100282,0,0,NORMAL,9,0,0.375,9,10546.78,1,18,2,,0,1,LOW,1,1,0,0,18,1,0,,TRAIN,SYNTHETIC
CASE-00283,CMP-100283,1,1,PROXIMITY,9,1,0.375,4.5763,12294.44,1,18,2,0.8363,0,1,LOW,1,1,0,0,20,1,0,0,TRAIN,SYNTHETIC
CASE-00284,CMP-100284,1,1,DELAYED,10,1,0.4167,0.4545,10971.8,1,20,2,0.9196,0,1,LOW,1,1,0,0,18,2,0,0,TRAIN,SYNTHETIC
CASE-00285,CMP-100285,0,0,NORMAL,8,0,0.3333,8,15719.38,1,16,2,,0,1,MEDIUM,1,1,0,0,21,1,0,,TRAIN,SYNTHETIC
CASE-00286,CMP-100286,0,0,NORMAL,8,0,0.3333,8,13069.13,0,16,1,,0,1,HIGH,1,1,0,0,22,1,0,,TRAIN,SYNTHETIC
CASE-00287,CMP-100287,1,1,MULTI_HOP,10,3,0.4167,3.125,33052.6,3,18,4,0.6924,0,1,LOW,1,1,0,0,2,2,0,130,TRAIN,SYNTHETIC
CASE-00288,CMP-100288,1,1,PROXIMITY,7,1,0.2917,4.6154,22966.86,1,14,2,0.8821,0,1,LOW,1,1,0,0,1,2,0,0,TRAIN,SYNTHETIC
CASE-00289,CMP-100289,0,0,NORMAL,8,0,0.3333,8,8245.88,0,16,1,,0,1,LOW,1,1,0,0,1,2,0,,TRAIN,SYNTHETIC
CASE-00290,CMP-100290,0,0,NORMAL,8,0,0.3333,8,12447.75,1,16,2,,0,1,MEDIUM,1,1,0,0,2,2,0,,TRAIN,SYNTHETIC
CASE-00291,CMP-100291,0,0,NORMAL,9,0,0.375,9,12612.67,1,18,2,,0,1,LOW,1,1,0,0,3,2,0,,TRAIN,SYNTHETIC
CASE-00292,CMP-100292,1,0,MULTI_HOP,9,3,0.375,2.0532,28170.78,3,16,4,0.7731,0,1,LOW,1,1,0,0,8,2,0,196,TRAIN,SYNTHETIC
CASE-00293,CMP-100293,0,0,NORMAL,10,0,0.4167,10,10857.2,0,20,1,,0,1,LOW,1,1,0,0,5,2,0,,TRAIN,SYNTHETIC
CASE-00294,CMP-100294,1,1,DELAYED,9,1,0.375,0.6923,18126.33,1,18,2,0.9312,0,1,LOW,1,1,0,0,19,2,0,0,VALIDATION,SYNTHETIC
CASE-00295,CMP-100295,1,1,MULTI_CANDIDATE,7,1,0.2917,7,24097.71,1,14,2,0.9392,0,1,MEDIUM,1,1,0,0,7,2,0,0,VALIDATION,SYNTHETIC
CASE-00296,CMP-100296,1,1,RAPID,9,1,0.375,9,12398.67,1,18,2,0.84,1,1,LOW,1,1,0,0,8,2,0,0,VALIDATION,SYNTHETIC
CASE-00297,CMP-100297,0,0,NORMAL,7,0,0.2917,7,7589,1,14,2,,0,1,HIGH,1,1,0,0,9,2,0,,TEST,SYNTHETIC
CASE-00298,CMP-100298,1,0,PROXIMITY,11,1,0.4583,8.9189,21018.55,1,22,2,0.907,0,1,LOW,1,1,0,0,11,2,0,0,TEST,SYNTHETIC
CASE-00299,CMP-100299,0,0,NORMAL,8,0,0.3333,8,12875.13,0,16,1,,0,1,LOW,1,1,0,0,11,2,0,,TEST,SYNTHETIC
CASE-00300,CMP-100300,1,1,MULTI_CANDIDATE,10,1,0.4167,10,17842,1,20,2,0.894,0,1,MEDIUM,1,1,0,0,13,2,0,0,TRAIN,SYNTHETIC
CASE-00301,CMP-100301,1,1,RAPID,11,1,0.4583,11,7933.64,1,22,2,0.8757,1,1,LOW,1,1,0,0,13,2,0,0,TRAIN,SYNTHETIC
CASE-00302,CMP-100302,0,0,NORMAL,7,0,0.2917,7,13054.57,1,14,2,,0,1,LOW,1,1,0,0,14,2,0,,TRAIN,SYNTHETIC
CASE-00303,CMP-100303,0,0,NORMAL,9,0,0.375,9,12699.89,1,18,2,,0,1,LOW,1,1,0,0,15,2,0,,TRAIN,SYNTHETIC
CASE-00304,CMP-100304,1,1,DELAYED,9,0,0.375,9,7951.56,0,18,1,1,0,1,LOW,1,1,0,0,16,2,0,,TRAIN,SYNTHETIC
CASE-00305,CMP-100305,1,1,MULTI_CANDIDATE,8,1,0.3333,7.3846,14952.63,1,16,2,0.9256,0,1,MEDIUM,1,1,0,0,18,2,0,0,TRAIN,SYNTHETIC
CASE-00306,CMP-100306,1,1,RAPID,7,1,0.2917,7,15099.14,1,14,2,0.9097,1,1,LOW,1,1,0,0,18,2,0,0,TRAIN,SYNTHETIC
CASE-00307,CMP-100307,1,1,MULTI_HOP,10,2,0.4167,5.1282,15312.3,2,19,3,0.7587,0,1,LOW,1,1,0,0,20,2,0,94,TRAIN,SYNTHETIC
CASE-00308,CMP-100308,1,1,PROXIMITY,10,1,0.4167,10,14903.2,1,20,2,0.858,0,1,HIGH,1,1,0,0,20,2,0,0,TRAIN,SYNTHETIC
CASE-00309,CMP-100309,1,1,DELAYED,7,0,0.2917,7,8809.57,0,14,1,1,0,1,LOW,1,1,0,0,21,2,0,,TRAIN,SYNTHETIC
CASE-00310,CMP-100310,0,0,NORMAL,9,0,0.375,9,12463.67,0,18,1,,0,1,MEDIUM,1,1,0,0,22,2,0,,TRAIN,SYNTHETIC
CASE-00311,CMP-100311,0,0,NORMAL,8,0,0.3333,8,11218.88,0,16,1,,0,1,LOW,1,1,0,0,23,2,0,,TRAIN,SYNTHETIC
CASE-00312,CMP-100312,1,1,MULTI_HOP,11,2,0.4583,2.6087,24067.82,2,21,3,0.7479,0,1,LOW,1,1,0,0,4,3,0,145,TRAIN,SYNTHETIC
CASE-00313,CMP-100313,0,0,NORMAL,7,0,0.2917,7,12694,0,14,1,,0,1,LOW,1,1,0,0,1,3,0,,TRAIN,SYNTHETIC
CASE-00314,CMP-100314,0,0,NORMAL,10,0,0.4167,10,9708.4,0,20,1,,0,1,LOW,1,1,0,0,2,3,0,,VALIDATION,SYNTHETIC
CASE-00315,CMP-100315,1,1,MULTI_CANDIDATE,8,1,0.3333,3.0968,12420.75,1,16,2,0.9103,0,1,MEDIUM,1,1,0,0,5,3,0,0,VALIDATION,SYNTHETIC
CASE-00316,CMP-100316,0,0,NORMAL,9,0,0.375,9,10398.22,0,18,1,,0,1,LOW,1,1,0,0,4,3,0,,VALIDATION,SYNTHETIC
CASE-00317,CMP-100317,1,1,MULTI_HOP,13,3,0.5417,3.0233,17612.23,3,24,4,0.7068,0,1,LOW,1,1,0,0,9,3,0,201,TEST,SYNTHETIC
CASE-00318,CMP-100318,0,0,NORMAL,9,0,0.375,9,13534,0,18,1,,0,1,LOW,1,1,0,0,6,3,0,,TEST,SYNTHETIC
CASE-00319,CMP-100319,1,1,DELAYED,7,1,0.2917,0.875,12849.29,1,14,2,0.9327,0,1,HIGH,1,1,0,0,15,3,0,0,TEST,SYNTHETIC
CASE-00320,CMP-100320,0,0,NORMAL,10,0,0.4167,10,9858.3,1,20,2,,0,1,MEDIUM,1,1,0,0,8,3,0,,TRAIN,SYNTHETIC
CASE-00321,CMP-100321,0,0,NORMAL,7,0,0.2917,7,12167.43,1,14,2,,0,1,LOW,1,1,0,0,9,3,0,,TRAIN,SYNTHETIC
CASE-00322,CMP-100322,0,0,NORMAL,10,0,0.4167,10,12080.2,0,20,1,,0,1,LOW,1,1,0,0,10,3,0,,TRAIN,SYNTHETIC
CASE-00323,CMP-100323,0,0,NORMAL,8,0,0.3333,8,10288.88,1,16,2,,0,1,LOW,1,1,0,0,11,3,0,,TRAIN,SYNTHETIC
CASE-00324,CMP-100324,0,0,NORMAL,7,0,0.2917,7,10279.43,0,14,1,,0,1,LOW,1,1,0,0,12,3,0,,TRAIN,SYNTHETIC
CASE-00325,CMP-100325,0,0,NORMAL,10,0,0.4167,10,8649.9,0,20,1,,0,1,MEDIUM,1,1,0,0,13,3,0,,TRAIN,SYNTHETIC
CASE-00326,CMP-100326,0,0,NORMAL,9,0,0.375,9,12851.89,0,18,1,,0,1,LOW,1,1,0,0,14,3,0,,TRAIN,SYNTHETIC
CASE-00327,CMP-100327,1,1,MULTI_HOP,13,3,0.5417,2.508,19223.08,3,24,4,0.69,0,1,LOW,1,1,0,0,20,3,0,213,TRAIN,SYNTHETIC
CASE-00328,CMP-100328,0,0,NORMAL,9,0,0.375,9,13105.67,0,18,1,,0,1,LOW,1,1,0,0,16,3,0,,TRAIN,SYNTHETIC
CASE-00329,CMP-100329,0,0,NORMAL,10,0,0.4167,10,10484.5,0,20,1,,0,1,LOW,1,1,0,0,17,3,0,,TRAIN,SYNTHETIC
CASE-00330,CMP-100330,1,1,MULTI_CANDIDATE,8,1,0.3333,5.7143,18878.38,1,16,2,0.8879,0,1,HIGH,1,1,0,0,19,3,0,0,TRAIN,SYNTHETIC
CASE-00331,CMP-100331,1,1,RAPID,9,1,0.375,9,14023.22,1,18,2,0.8364,1,1,LOW,1,1,0,0,19,3,0,0,TRAIN,SYNTHETIC
CASE-00332,CMP-100332,1,1,MULTI_HOP,13,3,0.5417,3.8235,25117.54,3,24,4,0.7342,0,1,LOW,1,1,0,0,23,3,0,184,TRAIN,SYNTHETIC
CASE-00333,CMP-100333,0,0,NORMAL,6,0,0.25,6,12503,0,12,1,,0,1,LOW,1,1,0,0,21,3,0,,TRAIN,SYNTHETIC
CASE-00334,CMP-100334,1,1,DELAYED,9,1,0.375,0.3,12956.78,1,18,2,0.8755,0,1,LOW,1,1,0,0,4,5,0,0,VALIDATION,SYNTHETIC
CASE-00335,CMP-100335,1,1,MULTI_CANDIDATE,7,1,0.2917,4.0385,17885.29,1,14,2,0.8494,0,1,MEDIUM,1,1,0,0,0,4,0,0,VALIDATION,SYNTHETIC
CASE-00336,CMP-100336,1,1,RAPID,8,1,0.3333,8,20549.5,1,16,2,0.9177,1,1,LOW,1,1,0,0,0,4,0,0,VALIDATION,SYNTHETIC
CASE-00337,CMP-100337,0,0,NORMAL,7,0,0.2917,7,9405.29,0,14,1,,0,1,LOW,1,1,0,0,1,4,0,,TEST,SYNTHETIC
CASE-00338,CMP-100338,0,0,NORMAL,8,0,0.3333,8,13474.88,0,16,1,,0,1,LOW,1,1,0,0,2,4,0,,TEST,SYNTHETIC
CASE-00339,CMP-100339,1,1,DELAYED,10,1,0.4167,0.4348,22661.4,1,20,2,0.8934,0,1,LOW,1,1,0,0,2,5,0,0,TEST,SYNTHETIC
CASE-00340,CMP-100340,0,0,NORMAL,7,0,0.2917,7,8387.86,1,14,2,,0,1,MEDIUM,1,1,0,0,4,4,0,,TRAIN,SYNTHETIC
CASE-00341,CMP-100341,0,0,NORMAL,6,0,0.25,6,13143.67,0,12,1,,0,1,HIGH,1,1,0,0,5,4,0,,TRAIN,SYNTHETIC
CASE-00342,CMP-100342,0,0,NORMAL,7,0,0.2917,7,8618,1,14,2,,0,1,LOW,1,1,0,0,6,4,0,,TRAIN,SYNTHETIC
CASE-00343,CMP-100343,0,0,NORMAL,7,0,0.2917,7,12556.29,1,14,2,,0,1,LOW,1,1,0,0,7,4,0,,TRAIN,SYNTHETIC
CASE-00344,CMP-100344,1,0,DELAYED,10,0,0.4167,10,9399.9,0,20,1,1,0,1,LOW,1,1,0,0,8,4,0,,TRAIN,SYNTHETIC
CASE-00345,CMP-100345,0,0,NORMAL,6,0,0.25,6,12770.67,0,12,1,,0,1,MEDIUM,1,1,0,0,9,4,0,,TRAIN,SYNTHETIC
CASE-00346,CMP-100346,0,0,NORMAL,8,0,0.3333,8,6686.88,0,16,1,,0,1,LOW,1,1,0,0,10,4,0,,TRAIN,SYNTHETIC
CASE-00347,CMP-100347,0,0,NORMAL,9,0,0.375,9,12671.56,1,18,2,,0,1,LOW,1,1,0,0,11,4,0,,TRAIN,SYNTHETIC
CASE-00348,CMP-100348,0,0,NORMAL,8,0,0.3333,8,9157.75,0,16,1,,0,1,LOW,1,1,0,0,12,4,0,,TRAIN,SYNTHETIC
CASE-00349,CMP-100349,1,1,DELAYED,8,0,0.3333,8,16388.63,0,16,1,1,0,1,LOW,1,1,0,0,13,4,0,,TRAIN,SYNTHETIC
CASE-00350,CMP-100350,0,0,NORMAL,6,0,0.25,6,11028,0,12,1,,0,1,MEDIUM,1,1,0,0,14,4,0,,TRAIN,SYNTHETIC
CASE-00351,CMP-100351,1,1,RAPID,8,1,0.3333,8,21599.75,1,15,2,0.822,1,1,LOW,1,1,0,0,15,4,0,0,TRAIN,SYNTHETIC
CASE-00352,CMP-100352,1,1,MULTI_HOP,9,3,0.375,1.9853,39029.11,3,14,4,0.6809,0,1.125,HIGH,1,1,0,0,20,4,0,210,TRAIN,SYNTHETIC
CASE-00353,CMP-100353,1,1,PROXIMITY,7,1,0.2917,5.8333,13688.71,1,14,2,0.9179,0,1,LOW,1,1,0,0,18,4,0,0,TRAIN,SYNTHETIC
CASE-00354,CMP-100354,1,1,DELAYED,10,0,0.4167,10,11956.7,0,20,1,1,0,1,LOW,1,1,0,0,18,4,0,,VALIDATION,SYNTHETIC
CASE-00355,CMP-100355,0,0,NORMAL,7,0,0.2917,7,10002.57,0,14,1,,0,1,MEDIUM,1,1,0,0,19,4,0,,VALIDATION,SYNTHETIC
CASE-00356,CMP-100356,0,0,NORMAL,7,0,0.2917,7,13341.43,0,14,1,,0,1,LOW,1,1,0,0,20,4,0,,VALIDATION,SYNTHETIC
CASE-00357,CMP-100357,0,0,NORMAL,9,0,0.375,9,14664.89,1,18,2,,0,1,LOW,1,1,0,0,21,4,0,,TEST,SYNTHETIC
CASE-00358,CMP-100358,0,0,NORMAL,7,0,0.2917,7,13487.86,0,14,1,,0,1,LOW,1,1,0,0,22,4,0,,TEST,SYNTHETIC
CASE-00359,CMP-100359,0,0,NORMAL,6,0,0.25,6,11758.33,1,12,2,,0,1,LOW,1,1,0,0,23,4,0,,TEST,SYNTHETIC
CASE-00360,CMP-100360,0,0,NORMAL,9,0,0.375,9,14708.44,0,18,1,,0,1,MEDIUM,1,1,0,0,0,5,0,,TRAIN,SYNTHETIC
CASE-00361,CMP-100361,1,1,RAPID,10,1,0.4167,10,21705.6,1,20,2,0.8928,1,1,LOW,1,1,0,0,1,5,0,0,TRAIN,SYNTHETIC
CASE-00362,CMP-100362,1,1,MULTI_HOP,10,2,0.4167,5.4054,21717.3,2,19,3,0.7635,0,1,LOW,1,1,0,0,3,5,0,55,TRAIN,SYNTHETIC
CASE-00363,CMP-100363,1,1,PROXIMITY,7,1,0.2917,3.2061,22552.86,1,14,2,0.8853,0,1,HIGH,1,1,0,0,5,5,0,0,TRAIN,SYNTHETIC
CASE-00364,CMP-100364,0,0,NORMAL,6,0,0.25,6,12278.83,1,12,2,,0,1,LOW,1,1,0,0,4,5,0,,TRAIN,SYNTHETIC
CASE-00365,CMP-100365,0,0,NORMAL,10,0,0.4167,10,12176.2,1,20,2,,0,1,MEDIUM,1,1,0,0,5,5,0,,TRAIN,SYNTHETIC
CASE-00366,CMP-100366,0,0,NORMAL,8,0,0.3333,8,15169.5,1,16,2,,0,1,LOW,1,1,0,0,6,5,0,,TRAIN,SYNTHETIC
CASE-00367,CMP-100367,1,1,MULTI_HOP,10,2,0.4167,6.8182,11272.5,2,19,3,0.7604,0,1,LOW,1,1,0,0,8,5,0,48,TRAIN,SYNTHETIC
CASE-00368,CMP-100368,1,1,PROXIMITY,11,1,0.4583,4,20770.27,1,22,2,0.8861,0,1,LOW,1,1,0,0,10,5,0,0,TRAIN,SYNTHETIC
CASE-00369,CMP-100369,0,0,NORMAL,9,0,0.375,9,13023.89,0,18,1,,0,1,LOW,1,1,0,0,9,5,0,,TRAIN,SYNTHETIC
CASE-00370,CMP-100370,0,0,NORMAL,7,0,0.2917,7,11004.29,1,14,2,,0,1,MEDIUM,1,1,0,0,10,5,0,,TRAIN,SYNTHETIC
CASE-00371,CMP-100371,1,1,RAPID,8,1,0.3333,8,21217.13,1,16,2,0.8229,1,1,LOW,1,1,0,0,11,5,0,0,TRAIN,SYNTHETIC
CASE-00372,CMP-100372,0,0,NORMAL,9,0,0.375,9,12942.33,0,18,1,,0,1,LOW,1,1,0,0,12,5,0,,TRAIN,SYNTHETIC
CASE-00373,CMP-100373,1,1,PROXIMITY,11,1,0.4583,7.1739,17891.27,1,21,2,0.8977,0,1.1,LOW,1,1,0,0,14,5,0,0,TRAIN,SYNTHETIC
CASE-00374,CMP-100374,0,0,NORMAL,7,0,0.2917,7,16415.14,0,14,1,,0,1,HIGH,1,1,0,0,14,5,0,,VALIDATION,SYNTHETIC
CASE-00375,CMP-100375,0,0,NORMAL,10,0,0.4167,10,9791.2,1,20,2,,0,1,MEDIUM,1,1,0,0,15,5,0,,VALIDATION,SYNTHETIC
CASE-00376,CMP-100376,1,1,RAPID,10,1,0.4167,10,13084.8,1,20,2,0.9222,1,1,LOW,1,1,0,0,16,5,0,0,VALIDATION,SYNTHETIC
CASE-00377,CMP-100377,0,0,NORMAL,9,0,0.375,9,13503,1,18,2,,0,1,LOW,1,1,0,0,17,5,0,,TEST,SYNTHETIC
CASE-00378,CMP-100378,0,0,NORMAL,8,0,0.3333,8,9951,1,16,2,,0,1,LOW,1,1,0,0,18,5,0,,TEST,SYNTHETIC
CASE-00379,CMP-100379,0,0,NORMAL,10,0,0.4167,10,12823.5,0,20,1,,0,1,LOW,1,1,0,0,19,5,0,,TEST,SYNTHETIC
CASE-00380,CMP-100380,0,0,NORMAL,7,0,0.2917,7,9843.43,0,14,1,,0,1,MEDIUM,1,1,0,0,20,5,0,,TRAIN,SYNTHETIC
CASE-00381,CMP-100381,0,0,NORMAL,9,0,0.375,9,15300.89,0,18,1,,0,1,LOW,1,1,0,0,21,5,0,,TRAIN,SYNTHETIC
CASE-00382,CMP-100382,0,0,NORMAL,9,0,0.375,9,7779.56,0,18,1,,0,1,LOW,1,1,0,0,22,5,0,,TRAIN,SYNTHETIC
CASE-00383,CMP-100383,0,0,NORMAL,8,0,0.3333,8,13579.38,0,16,1,,0,1,LOW,1,1,0,0,23,5,0,,TRAIN,SYNTHETIC
CASE-00384,CMP-100384,1,1,DELAYED,8,0,0.3333,8,11581.13,0,16,1,1,0,1,LOW,1,1,0,0,0,6,0,,TRAIN,SYNTHETIC
CASE-00385,CMP-100385,0,0,NORMAL,6,0,0.25,6,11828,0,12,1,,0,1,HIGH,1,1,0,0,1,6,0,,TRAIN,SYNTHETIC
CASE-00386,CMP-100386,1,0,RAPID,9,1,0.375,9,16291,1,18,2,0.8704,1,1,LOW,1,1,0,0,2,6,0,0,TRAIN,SYNTHETIC
CASE-00387,CMP-100387,0,0,NORMAL,8,0,0.3333,8,9974.13,1,16,2,,0,1,LOW,1,1,0,0,3,6,0,,TRAIN,SYNTHETIC
CASE-00388,CMP-100388,0,0,NORMAL,10,0,0.4167,10,9288.5,0,20,1,,0,1,LOW,1,1,0,0,4,6,0,,TRAIN,SYNTHETIC
CASE-00389,CMP-100389,0,0,NORMAL,8,0,0.3333,8,7965.38,1,16,2,,0,1,LOW,1,1,0,0,5,6,0,,TRAIN,SYNTHETIC
CASE-00390,CMP-100390,1,1,MULTI_CANDIDATE,6,0,0.25,6,10487,0,12,1,1,0,1,MEDIUM,1,1,0,0,6,6,0,,TRAIN,SYNTHETIC
CASE-00391,CMP-100391,0,0,NORMAL,6,0,0.25,6,12191.5,1,12,2,,0,1,LOW,1,1,0,0,7,6,0,,TRAIN,SYNTHETIC
CASE-00392,CMP-100392,1,1,MULTI_HOP,13,3,0.5417,4.5882,31671.08,3,24,4,0.6366,0,1,LOW,1,1,0,0,10,6,0,68,TRAIN,SYNTHETIC
CASE-00393,CMP-100393,0,0,NORMAL,9,0,0.375,9,13521.22,0,18,1,,0,1,LOW,1,1,0,0,9,6,0,,TRAIN,SYNTHETIC
CASE-00394,CMP-100394,0,0,NORMAL,10,0,0.4167,10,7964.2,0,20,1,,0,1,LOW,1,1,0,0,10,6,0,,VALIDATION,SYNTHETIC
CASE-00395,CMP-100395,0,0,NORMAL,9,0,0.375,9,11087.56,1,18,2,,0,1,MEDIUM,1,1,0,0,11,6,0,,VALIDATION,SYNTHETIC
CASE-00396,CMP-100396,0,0,NORMAL,10,0,0.4167,10,10741.9,1,20,2,,0,1,HIGH,1,1,0,0,12,6,0,,VALIDATION,SYNTHETIC
CASE-00397,CMP-100397,1,1,MULTI_HOP,12,3,0.5,3.3028,27859.75,3,22,4,0.6225,0,1,LOW,1,1,0,0,16,6,0,155,TEST,SYNTHETIC
CASE-00398,CMP-100398,1,1,PROXIMITY,11,1,0.4583,11,20719.27,1,22,2,0.8687,0,1,LOW,1,1,0,0,14,6,0,0,TEST,SYNTHETIC
CASE-00399,CMP-100399,0,0,NORMAL,9,0,0.375,9,12152.33,0,18,1,,0,1,LOW,1,1,0,0,15,6,0,,TEST,SYNTHETIC
CASE-00400,CMP-100400,0,0,NORMAL,10,0,0.4167,10,10337,1,20,2,,0,1,MEDIUM,1,1,0,0,16,6,0,,TRAIN,SYNTHETIC
CASE-00401,CMP-100401,1,1,RAPID,11,1,0.4583,11,22754.36,1,22,2,0.9321,1,1,LOW,1,1,0,0,17,6,0,0,TRAIN,SYNTHETIC
CASE-00402,CMP-100402,0,0,NORMAL,7,0,0.2917,7,11475.71,0,14,1,,0,1,LOW,1,1,0,0,18,6,0,,TRAIN,SYNTHETIC
CASE-00403,CMP-100403,1,1,PROXIMITY,8,1,0.3333,4.5714,20475.25,1,16,2,0.9325,0,1,LOW,1,1,0,0,20,6,0,0,TRAIN,SYNTHETIC
CASE-00404,CMP-100404,0,0,NORMAL,9,0,0.375,9,12182.11,1,18,2,,0,1,LOW,1,1,0,0,20,6,0,,TRAIN,SYNTHETIC
CASE-00405,CMP-100405,0,0,NORMAL,10,0,0.4167,10,11509.9,0,20,1,,0,1,MEDIUM,1,1,0,0,21,6,0,,TRAIN,SYNTHETIC
CASE-00406,CMP-100406,1,1,RAPID,9,1,0.375,9,13941.44,1,18,2,0.8892,1,1,LOW,1,1,0,0,22,6,0,0,TRAIN,SYNTHETIC
CASE-00407,CMP-100407,0,0,NORMAL,8,0,0.3333,8,14470.75,0,16,1,,0,1,HIGH,1,1,0,0,23,6,0,,TRAIN,SYNTHETIC
CASE-00408,CMP-100408,0,0,NORMAL,7,0,0.2917,7,16338.71,1,14,2,,0,1,LOW,1,1,0,0,0,0,0,,TRAIN,SYNTHETIC
CASE-00409,CMP-100409,1,1,DELAYED,9,1,0.375,0.375,25050.22,1,18,2,0.8899,0,1,LOW,1,1,0,0,1,1,0,0,TRAIN,SYNTHETIC
CASE-00410,CMP-100410,0,0,NORMAL,9,0,0.375,9,11321.11,0,18,1,,0,1,MEDIUM,1,1,0,0,2,0,0,,TRAIN,SYNTHETIC
CASE-00411,CMP-100411,1,1,RAPID,7,1,0.2917,7,14117.29,1,14,2,0.9274,1,1,LOW,1,1,0,0,3,0,0,0,TRAIN,SYNTHETIC
CASE-00412,CMP-100412,1,1,MULTI_HOP,9,3,0.375,1.5836,25292.44,3,16,4,0.5836,0,1,LOW,1,1,0,0,9,0,0,231,TRAIN,SYNTHETIC
CASE-00413,CMP-100413,0,0,NORMAL,10,0,0.4167,10,6998.5,1,20,2,,0,1,LOW,1,1,0,0,5,0,0,,TRAIN,SYNTHETIC
CASE-00414,CMP-100414,1,1,DELAYED,9,0,0.375,9,13564.56,0,18,1,1,0,1,LOW,1,1,0,0,6,0,0,,VALIDATION,SYNTHETIC
CASE-00415,CMP-100415,0,0,NORMAL,9,0,0.375,9,11294.56,0,18,1,,0,1,MEDIUM,1,1,0,0,7,0,0,,VALIDATION,SYNTHETIC
CASE-00416,CMP-100416,0,0,NORMAL,10,0,0.4167,10,10341.4,0,20,1,,0,1,LOW,1,1,0,0,8,0,0,,VALIDATION,SYNTHETIC
CASE-00417,CMP-100417,1,1,MULTI_HOP,10,3,0.4167,1.5831,22393.4,3,18,4,0.7307,0,1,LOW,1,1,0,0,15,0,0,235,TEST,SYNTHETIC
CASE-00418,CMP-100418,1,1,PROXIMITY,11,1,0.4583,4.7143,10668.09,1,22,2,0.9199,0,1,HIGH,1,1,0,0,12,0,0,0,TEST,SYNTHETIC
CASE-00419,CMP-100419,1,1,DELAYED,7,0,0.2917,7,10174.29,0,14,1,1,0,1,LOW,1,1,0,0,11,0,0,,TEST,SYNTHETIC
CASE-00420,CMP-100420,1,1,MULTI_CANDIDATE,9,0,0.375,9,11748.44,0,18,1,1,0,1,MEDIUM,1,1,0,0,12,0,0,,TRAIN,SYNTHETIC
CASE-00421,CMP-100421,0,0,NORMAL,9,0,0.375,9,10047.78,0,18,1,,0,1,LOW,1,1,0,0,13,0,0,,TRAIN,SYNTHETIC
CASE-00422,CMP-100422,0,0,NORMAL,8,0,0.3333,8,7836.25,1,16,2,,0,1,LOW,1,1,0,0,14,0,0,,TRAIN,SYNTHETIC
CASE-00423,CMP-100423,0,0,NORMAL,9,0,0.375,9,8706.44,1,18,2,,0,1,LOW,1,1,0,0,15,0,0,,TRAIN,SYNTHETIC
CASE-00424,CMP-100424,0,0,NORMAL,9,0,0.375,9,15150.11,0,18,1,,0,1,LOW,1,1,0,0,16,0,0,,TRAIN,SYNTHETIC
CASE-00425,CMP-100425,0,0,NORMAL,6,0,0.25,6,13188.17,1,12,2,,0,1,MEDIUM,1,1,0,0,17,0,0,,TRAIN,SYNTHETIC
CASE-00426,CMP-100426,0,0,NORMAL,7,0,0.2917,7,13812.57,1,14,2,,0,1,LOW,1,1,0,0,18,0,0,,TRAIN,SYNTHETIC
CASE-00427,CMP-100427,1,1,MULTI_HOP,10,3,0.4167,1.9355,15085.7,3,18,4,0.7069,0,1,LOW,1,1,0,0,0,1,0,279,TRAIN,SYNTHETIC
CASE-00428,CMP-100428,0,0,NORMAL,7,0,0.2917,7,9967.14,0,14,1,,0,1,LOW,1,1,0,0,20,0,0,,TRAIN,SYNTHETIC
CASE-00429,CMP-100429,0,0,NORMAL,6,0,0.25,6,14105.83,0,12,1,,0,1,HIGH,1,1,0,0,21,0,0,,TRAIN,SYNTHETIC
CASE-00430,CMP-100430,0,0,NORMAL,6,0,0.25,6,12905.83,1,12,2,,0,1,MEDIUM,1,1,0,0,22,0,0,,TRAIN,SYNTHETIC
CASE-00431,CMP-100431,1,1,RAPID,10,1,0.4167,10,19225.2,1,20,2,0.8273,1,1,LOW,1,1,0,0,23,0,0,0,TRAIN,SYNTHETIC
CASE-00432,CMP-100432,1,1,MULTI_HOP,9,3,0.375,1.7035,34010.67,3,16,4,0.6769,0,1,LOW,1,1,0,0,5,1,0,184,TRAIN,SYNTHETIC
CASE-00433,CMP-100433,1,1,PROXIMITY,11,1,0.4583,8.1481,18190.27,1,22,2,0.8374,0,1,LOW,1,1,0,0,2,1,0,0,TRAIN,SYNTHETIC
CASE-00434,CMP-100434,1,1,DELAYED,7,0,0.2917,7,11976.57,0,14,1,1,0,1,LOW,1,1,0,0,2,1,0,,VALIDATION,SYNTHETIC
CASE-00435,CMP-100435,1,1,MULTI_CANDIDATE,10,1,0.4167,10,20771.4,1,20,2,0.9154,0,1,MEDIUM,1,1,0,0,3,1,0,0,VALIDATION,SYNTHETIC
CASE-00436,CMP-100436,1,1,RAPID,8,1,0.3333,8,14185,1,16,2,0.8763,1,1,LOW,1,1,0,0,4,1,0,0,VALIDATION,SYNTHETIC
CASE-00437,CMP-100437,0,0,NORMAL,6,0,0.25,6,9772.83,1,12,2,,0,1,LOW,1,1,0,0,5,1,0,,TEST,SYNTHETIC
CASE-00438,CMP-100438,0,0,NORMAL,10,0,0.4167,10,10449.2,1,20,2,,0,1,LOW,1,1,0,0,6,1,0,,TEST,SYNTHETIC
CASE-00439,CMP-100439,0,0,NORMAL,9,0,0.375,9,9770.22,1,18,2,,0,1,LOW,1,1,0,0,7,1,0,,TEST,SYNTHETIC
CASE-00440,CMP-100440,1,1,MULTI_CANDIDATE,9,1,0.375,4.5378,17075.67,1,18,2,0.9128,0,1,HIGH,1,1,0,0,9,1,0,0,TRAIN,SYNTHETIC
CASE-00441,CMP-100441,0,0,NORMAL,9,0,0.375,9,10820.89,1,18,2,,0,1,LOW,1,1,0,0,9,1,0,,TRAIN,SYNTHETIC
CASE-00442,CMP-100442,1,1,MULTI_HOP,12,3,0.5,2.963,16484.67,3,22,4,0.7086,0,1,LOW,1,1,0,0,14,1,0,184,TRAIN,SYNTHETIC
CASE-00443,CMP-100443,1,1,PROXIMITY,11,1,0.4583,4.9254,14378.36,1,22,2,0.9272,0,1,LOW,1,1,0,0,13,1,0,0,TRAIN,SYNTHETIC
CASE-00444,CMP-100444,1,1,DELAYED,10,1,0.4167,1,17904.5,1,20,2,0.9345,0,1,LOW,1,1,0,0,22,1,0,0,TRAIN,SYNTHETIC
CASE-00445,CMP-100445,1,1,MULTI_CANDIDATE,11,1,0.4583,5.0769,18651.36,1,22,2,0.8229,0,1,MEDIUM,1,1,0,0,15,1,0,0,TRAIN,SYNTHETIC
CASE-00446,CMP-100446,1,1,RAPID,8,1,0.3333,8,25689.13,1,16,2,0.8722,1,1,LOW,1,1,0,0,14,1,0,0,TRAIN,SYNTHETIC
CASE-00447,CMP-100447,0,0,NORMAL,8,0,0.3333,8,10209.38,1,16,2,,0,1,LOW,1,1,0,0,15,1,0,,TRAIN,SYNTHETIC
CASE-00448,CMP-100448,1,1,PROXIMITY,9,1,0.375,3.253,19885.11,1,18,2,0.8304,0,1,LOW,1,1,0,0,18,1,0,0,TRAIN,SYNTHETIC
CASE-00449,CMP-100449,1,0,DELAYED,10,1,0.4167,0.4545,17127.4,1,20,2,0.9194,0,1,LOW,1,1,0,0,15,2,0,0,TRAIN,SYNTHETIC
CASE-00450,CMP-100450,0,0,NORMAL,7,0,0.2917,7,13577.43,1,14,2,,0,1,MEDIUM,1,1,0,0,18,1,0,,TRAIN,SYNTHETIC
CASE-00451,CMP-100451,1,0,RAPID,10,1,0.4167,10,12545.5,1,20,2,0.885,1,1,HIGH,1,1,0,0,19,1,0,0,TRAIN,SYNTHETIC
CASE-00452,CMP-100452,1,1,MULTI_HOP,12,3,0.5,2.1365,15151.67,3,22,4,0.689,0,1,LOW,1,1,0,0,1,2,0,161,TRAIN,SYNTHETIC
CASE-00453,CMP-100453,0,0,NORMAL,9,0,0.375,9,12045.78,1,18,2,,0,1,LOW,1,1,0,0,21,1,0,,TRAIN,SYNTHETIC
CASE-00454,CMP-100454,1,1,DELAYED,8,0,0.3333,8,13767.63,0,16,1,1,0,1,LOW,1,1,0,0,22,1,0,,VALIDATION,SYNTHETIC
CASE-00455,CMP-100455,0,0,NORMAL,10,0,0.4167,10,13079.4,1,20,2,,0,1,MEDIUM,1,1,0,0,23,1,0,,VALIDATION,SYNTHETIC
CASE-00456,CMP-100456,0,0,NORMAL,8,0,0.3333,8,11766,0,16,1,,0,1,LOW,1,1,0,0,0,2,0,,VALIDATION,SYNTHETIC
CASE-00457,CMP-100457,0,0,NORMAL,7,0,0.2917,7,10426.14,1,14,2,,0,1,LOW,1,1,0,0,1,2,0,,TEST,SYNTHETIC
CASE-00458,CMP-100458,0,0,NORMAL,9,0,0.375,9,5573.11,1,18,2,,0,1,LOW,1,1,0,0,2,2,0,,TEST,SYNTHETIC
CASE-00459,CMP-100459,1,1,DELAYED,7,1,0.2917,0.5385,10452.71,1,14,2,0.8636,0,1,LOW,1,1,0,0,16,2,0,0,TEST,SYNTHETIC
CASE-00460,CMP-100460,0,0,NORMAL,7,0,0.2917,7,8666.86,0,14,1,,0,1,MEDIUM,1,1,0,0,4,2,0,,TRAIN,SYNTHETIC
CASE-00461,CMP-100461,1,1,RAPID,8,1,0.3333,8,14901.5,1,16,2,0.8564,1,1,LOW,1,1,0,0,5,2,0,0,TRAIN,SYNTHETIC
CASE-00462,CMP-100462,0,0,NORMAL,7,0,0.2917,7,10297.86,1,14,2,,0,1,HIGH,1,1,0,0,6,2,0,,TRAIN,SYNTHETIC
CASE-00463,CMP-100463,1,1,PROXIMITY,9,1,0.375,4.4628,20520.67,1,18,2,0.8248,0,1,LOW,1,1,0,0,9,2,0,0,TRAIN,SYNTHETIC
CASE-00464,CMP-100464,1,1,DELAYED,6,0,0.25,6,5684.83,0,12,1,1,0,1,LOW,1,1,0,0,8,2,0,,TRAIN,SYNTHETIC
CASE-00465,CMP-100465,1,1,MULTI_CANDIDATE,9,1,0.375,3.375,10715.22,1,18,2,0.8961,0,1,MEDIUM,1,1,0,0,11,2,0,0,TRAIN,SYNTHETIC
CASE-00466,CMP-100466,1,1,RAPID,11,1,0.4583,11,9593.18,1,21,2,0.8301,1,1,LOW,1,1.1,0,0,10,2,0,0,TRAIN,SYNTHETIC
CASE-00467,CMP-100467,1,0,MULTI_HOP,11,3,0.4583,2.64,25527.64,3,17,4,0.6341,0,1,LOW,1,1.375,0,0,15,2,0,163,TRAIN,SYNTHETIC
CASE-00468,CMP-100468,1,1,PROXIMITY,8,1,0.3333,2.7429,13725.5,1,16,2,0.8384,0,1,LOW,1,1,0,0,14,2,0,0,TRAIN,SYNTHETIC
CASE-00469,CMP-100469,0,0,NORMAL,8,0,0.3333,8,14740.25,1,16,2,,0,1,LOW,1,1,0,0,13,2,0,,TRAIN,SYNTHETIC
CASE-00470,CMP-100470,0,0,NORMAL,7,0,0.2917,7,14572.14,1,14,2,,0,1,MEDIUM,1,1,0,0,14,2,0,,TRAIN,SYNTHETIC
CASE-00471,CMP-100471,1,1,RAPID,8,1,0.3333,8,17898.13,1,16,2,0.9266,1,1,LOW,1,1,0,0,15,2,0,0,TRAIN,SYNTHETIC
CASE-00472,CMP-100472,1,1,MULTI_HOP,12,2,0.5,4.0678,25019.67,2,23,3,0.7525,0,1,LOW,1,1,0,0,18,2,0,98,TRAIN,SYNTHETIC
CASE-00473,CMP-100473,0,0,NORMAL,6,0,0.25,6,11183.17,0,12,1,,0,1,HIGH,1,1,0,0,17,2,0,,TRAIN,SYNTHETIC
CASE-00474,CMP-100474,0,0,NORMAL,6,0,0.25,6,13536.83,0,12,1,,0,1,LOW,1,1,0,0,18,2,0,,VALIDATION,SYNTHETIC
CASE-00475,CMP-100475,0,0,NORMAL,6,0,0.25,6,6737.33,0,12,1,,0,1,MEDIUM,1,1,0,0,19,2,0,,VALIDATION,SYNTHETIC
CASE-00476,CMP-100476,0,0,NORMAL,6,0,0.25,6,15526.17,1,12,2,,0,1,LOW,1,1,0,0,20,2,0,,VALIDATION,SYNTHETIC
CASE-00477,CMP-100477,0,0,NORMAL,8,0,0.3333,8,11944.25,1,16,2,,0,1,LOW,1,1,0,0,21,2,0,,TEST,SYNTHETIC
CASE-00478,CMP-100478,0,0,NORMAL,6,0,0.25,6,12497.33,1,12,2,,0,1,LOW,1,1,0,0,22,2,0,,TEST,SYNTHETIC
CASE-00479,CMP-100479,0,0,NORMAL,9,0,0.375,9,10107,1,18,2,,0,1,LOW,1,1,0,0,23,2,0,,TEST,SYNTHETIC
CASE-00480,CMP-100480,0,0,NORMAL,9,0,0.375,9,12296.67,0,18,1,,0,1,MEDIUM,1,1,0,0,0,3,0,,TRAIN,SYNTHETIC
CASE-00481,CMP-100481,0,0,NORMAL,6,0,0.25,6,12506.17,1,12,2,,0,1,LOW,1,1,0,0,1,3,0,,TRAIN,SYNTHETIC
CASE-00482,CMP-100482,0,0,NORMAL,10,0,0.4167,10,9024.2,0,20,1,,0,1,LOW,1,1,0,0,2,3,0,,TRAIN,SYNTHETIC
CASE-00483,CMP-100483,0,0,NORMAL,7,0,0.2917,7,14065.57,0,14,1,,0,1,LOW,1,1,0,0,3,3,0,,TRAIN,SYNTHETIC
CASE-00484,CMP-100484,1,1,DELAYED,7,0,0.2917,7,12930.86,0,14,1,1,0,1,HIGH,1,1,0,0,4,3,0,,TRAIN,SYNTHETIC
CASE-00485,CMP-100485,1,1,MULTI_CANDIDATE,7,1,0.2917,7,18138.57,1,14,2,0.9184,0,1,MEDIUM,1,1,0,0,5,3,0,0,TRAIN,SYNTHETIC
CASE-00486,CMP-100486,0,0,NORMAL,8,0,0.3333,8,13830.63,1,16,2,,0,1,LOW,1,1,0,0,6,3,0,,TRAIN,SYNTHETIC
CASE-00487,CMP-100487,1,1,MULTI_HOP,9,3,0.375,1.794,12685.33,3,16,4,0.6425,0,1,LOW,1,1,0,0,12,3,0,151,TRAIN,SYNTHETIC
CASE-00488,CMP-100488,1,1,PROXIMITY,9,1,0.375,5.7447,22459.11,1,18,2,0.9328,0,1,LOW,1,1,0,0,9,3,0,0,TRAIN,SYNTHETIC
CASE-00489,CMP-100489,0,0,NORMAL,7,0,0.2917,7,12943.29,0,14,1,,0,1,LOW,1,1,0,0,9,3,0,,TRAIN,SYNTHETIC
CASE-00490,CMP-100490,0,0,NORMAL,9,0,0.375,9,9753.89,0,18,1,,0,1,MEDIUM,1,1,0,0,10,3,0,,TRAIN,SYNTHETIC
CASE-00491,CMP-100491,0,0,NORMAL,10,0,0.4167,10,9288.1,0,20,1,,0,1,LOW,1,1,0,0,11,3,0,,TRAIN,SYNTHETIC
CASE-00492,CMP-100492,0,0,NORMAL,8,0,0.3333,8,12695.38,1,16,2,,0,1,LOW,1,1,0,0,12,3,0,,TRAIN,SYNTHETIC
CASE-00493,CMP-100493,1,1,PROXIMITY,10,1,0.4167,5,14039.2,1,20,2,0.8433,0,1,LOW,1,1,0,0,15,3,0,0,TRAIN,SYNTHETIC
CASE-00494,CMP-100494,1,1,DELAYED,7,1,0.2917,0.3043,19899.29,1,14,2,0.9162,0,1,LOW,1,1,0,0,13,4,0,0,VALIDATION,SYNTHETIC
CASE-00495,CMP-100495,0,0,NORMAL,6,0,0.25,6,13353.5,1,12,2,,0,1,HIGH,1,1,0,0,15,3,0,,VALIDATION,SYNTHETIC
CASE-00496,CMP-100496,0,0,NORMAL,8,0,0.3333,8,8916.38,1,16,2,,0,1,LOW,1,1,0,0,16,3,0,,VALIDATION,SYNTHETIC
CASE-00497,CMP-100497,1,1,MULTI_HOP,12,3,0.5,2.3077,27385.67,3,22,4,0.7089,0,1,LOW,1,1,0,0,22,3,0,171,TEST,SYNTHETIC
CASE-00498,CMP-100498,1,1,PROXIMITY,11,1,0.4583,3.8372,16031.27,1,22,2,0.8633,0,1,LOW,1,1,0,0,20,3,0,0,TEST,SYNTHETIC
CASE-00499,CMP-100499,0,0,NORMAL,6,0,0.25,6,14313.33,1,12,2,,0,1,LOW,1,1,0,0,19,3,0,,TEST,SYNTHETIC
CASE-00500,CMP-100500,0,0,NORMAL,8,0,0.3333,8,8320,0,16,1,,0,1,MEDIUM,1,1,0,0,20,3,0,,TRAIN,SYNTHETIC
CASE-00501,CMP-100501,1,1,RAPID,7,1,0.2917,7,16963.14,1,14,2,0.8395,1,1,LOW,1,1,0,0,21,3,0,0,TRAIN,SYNTHETIC
CASE-00502,CMP-100502,0,0,NORMAL,10,0,0.4167,10,10788.8,1,20,2,,0,1,LOW,1,1,0,0,22,3,0,,TRAIN,SYNTHETIC
CASE-00503,CMP-100503,1,1,PROXIMITY,9,1,0.375,3.375,13787.33,1,18,2,0.8751,0,1,LOW,1,1,0,0,1,4,0,0,TRAIN,SYNTHETIC
CASE-00504,CMP-100504,1,1,DELAYED,7,1,0.2917,0.35,12019.14,1,14,2,0.8983,0,1,LOW,1,1,0,0,20,4,0,0,TRAIN,SYNTHETIC
CASE-00505,CMP-100505,0,0,NORMAL,8,0,0.3333,8,12857.63,0,16,1,,0,1,MEDIUM,1,1,0,0,1,4,0,,TRAIN,SYNTHETIC
CASE-00506,CMP-100506,0,0,NORMAL,9,0,0.375,9,12248.22,1,18,2,,0,1,HIGH,1,1,0,0,2,4,0,,TRAIN,SYNTHETIC
CASE-00507,CMP-100507,1,1,MULTI_HOP,9,3,0.375,1.7763,35515,3,16,4,0.6434,0,1,LOW,1,1,0,0,8,4,0,127,TRAIN,SYNTHETIC
CASE-00508,CMP-100508,0,0,NORMAL,8,0,0.3333,8,11362.88,0,16,1,,0,1,LOW,1,1,0,0,4,4,0,,TRAIN,SYNTHETIC
CASE-00509,CMP-100509,1,1,DELAYED,6,0,0.25,6,12902.67,0,12,1,1,0,1,LOW,1,1,0,0,5,4,0,,TRAIN,SYNTHETIC
CASE-00510,CMP-100510,1,1,MULTI_CANDIDATE,7,1,0.2917,7,17490.14,1,14,2,0.9379,0,1,MEDIUM,1,1,0,0,6,4,0,0,TRAIN,SYNTHETIC
CASE-00511,CMP-100511,0,0,NORMAL,7,0,0.2917,7,10173.86,1,14,2,,0,1,LOW,1,1,0,0,7,4,0,,TRAIN,SYNTHETIC
CASE-00512,CMP-100512,0,0,NORMAL,8,0,0.3333,8,13012.63,0,16,1,,0,1,LOW,1,1,0,0,8,4,0,,TRAIN,SYNTHETIC
CASE-00513,CMP-100513,0,0,NORMAL,9,0,0.375,9,10982.89,1,18,2,,0,1,LOW,1,1,0,0,9,4,0,,TRAIN,SYNTHETIC
CASE-00514,CMP-100514,1,1,DELAYED,6,0,0.25,6,10577.67,0,12,1,1,0,1,LOW,1,1,0,0,10,4,0,,VALIDATION,SYNTHETIC
CASE-00515,CMP-100515,1,0,MULTI_CANDIDATE,8,1,0.3333,3.2,20999,1,16,2,0.8957,0,1,MEDIUM,1,1,0,0,13,4,0,0,VALIDATION,SYNTHETIC
CASE-00516,CMP-100516,1,1,RAPID,9,1,0.375,9,17619.33,1,18,2,0.8631,1,1,LOW,1,1,0,0,12,4,0,0,VALIDATION,SYNTHETIC
CASE-00517,CMP-100517,1,1,MULTI_HOP,8,2,0.3333,1.7712,24144.88,2,15,3,0.7682,0,1,HIGH,1,1,0,0,17,4,0,166,TEST,SYNTHETIC
CASE-00518,CMP-100518,0,0,NORMAL,9,0,0.375,9,9332.78,0,18,1,,0,1,LOW,1,1,0,0,14,4,0,,TEST,SYNTHETIC
CASE-00519,CMP-100519,0,0,NORMAL,6,0,0.25,6,9072.33,1,12,2,,0,1,LOW,1,1,0,0,15,4,0,,TEST,SYNTHETIC
CASE-00520,CMP-100520,0,0,NORMAL,9,0,0.375,9,8895.11,0,18,1,,0,1,MEDIUM,1,1,0,0,16,4,0,,TRAIN,SYNTHETIC
CASE-00521,CMP-100521,1,1,RAPID,8,1,0.3333,8,15783.5,1,16,2,0.926,1,1,LOW,1,1,0,0,17,4,0,0,TRAIN,SYNTHETIC
CASE-00522,CMP-100522,0,0,NORMAL,9,0,0.375,9,12038.56,0,18,1,,0,1,LOW,1,1,0,0,18,4,0,,TRAIN,SYNTHETIC
CASE-00523,CMP-100523,1,1,PROXIMITY,10,1,0.4167,6.8966,21267.6,1,20,2,0.9224,0,1,LOW,1,1,0,0,20,4,0,0,TRAIN,SYNTHETIC
CASE-00524,CMP-100524,0,0,NORMAL,8,0,0.3333,8,11538,1,16,2,,0,1,LOW,1,1,0,0,20,4,0,,TRAIN,SYNTHETIC
CASE-00525,CMP-100525,0,0,NORMAL,7,0,0.2917,7,7939.57,0,14,1,,0,1,MEDIUM,1,1,0,0,21,4,0,,TRAIN,SYNTHETIC
CASE-00526,CMP-100526,0,0,NORMAL,10,0,0.4167,10,9295.1,0,20,1,,0,1,LOW,1,1,0,0,22,4,0,,TRAIN,SYNTHETIC
CASE-00527,CMP-100527,1,1,MULTI_HOP,10,3,0.4167,1.9169,13685,3,18,4,0.7124,0,1,LOW,1,1,0,0,4,5,0,143,TRAIN,SYNTHETIC
CASE-00528,CMP-100528,0,0,NORMAL,7,0,0.2917,7,11945.86,0,14,1,,0,1,HIGH,1,1,0,0,0,5,0,,TRAIN,SYNTHETIC
CASE-00529,CMP-100529,1,0,DELAYED,9,0,0.375,9,13921.56,0,18,1,1,0,1,LOW,1,1,0,0,1,5,0,,TRAIN,SYNTHETIC
CASE-00530,CMP-100530,0,0,NORMAL,7,0,0.2917,7,11174.29,0,14,1,,0,1,MEDIUM,1,1,0,0,2,5,0,,TRAIN,SYNTHETIC
CASE-00531,CMP-100531,1,1,RAPID,9,1,0.375,9,15114.56,1,18,2,0.8332,1,1,LOW,1,1,0,0,3,5,0,0,TRAIN,SYNTHETIC
CASE-00532,CMP-100532,0,0,NORMAL,10,0,0.4167,10,8366,1,20,2,,0,1,LOW,1,1,0,0,4,5,0,,TRAIN,SYNTHETIC
CASE-00533,CMP-100533,1,1,PROXIMITY,7,1,0.2917,5,12123.57,1,14,2,0.9232,0,1,LOW,1,1,0,0,6,5,0,0,TRAIN,SYNTHETIC
CASE-00534,CMP-100534,1,1,DELAYED,9,1,0.375,0.3214,18331.44,1,18,2,0.8272,0,1,LOW,1,1,0,0,10,6,0,0,VALIDATION,SYNTHETIC
CASE-00535,CMP-100535,0,0,NORMAL,8,0,0.3333,8,13240.25,0,16,1,,0,1,MEDIUM,1,1,0,0,7,5,0,,VALIDATION,SYNTHETIC
CASE-00536,CMP-100536,0,0,NORMAL,10,0,0.4167,10,9889.9,0,20,1,,0,1,LOW,1,1,0,0,8,5,0,,VALIDATION,SYNTHETIC
CASE-00537,CMP-100537,0,0,NORMAL,7,0,0.2917,7,8629.43,1,14,2,,0,1,LOW,1,1,0,0,9,5,0,,TEST,SYNTHETIC
CASE-00538,CMP-100538,0,0,NORMAL,8,0,0.3333,8,9162.75,1,16,2,,0,1,LOW,1,1,0,0,10,5,0,,TEST,SYNTHETIC
CASE-00539,CMP-100539,1,1,DELAYED,9,0,0.375,9,13348.67,0,18,1,1,0,1,HIGH,1,1,0,0,11,5,0,,TEST,SYNTHETIC
CASE-00540,CMP-100540,1,1,MULTI_CANDIDATE,6,0,0.25,6,6916.5,0,12,1,1,0,1,MEDIUM,1,1,0,0,12,5,0,,TRAIN,SYNTHETIC
CASE-00541,CMP-100541,0,0,NORMAL,6,0,0.25,6,9546.5,1,12,2,,0,1,LOW,1,1,0,0,13,5,0,,TRAIN,SYNTHETIC
CASE-00542,CMP-100542,0,0,NORMAL,6,0,0.25,6,12812.83,0,12,1,,0,1,LOW,1,1,0,0,14,5,0,,TRAIN,SYNTHETIC
CASE-00543,CMP-100543,0,0,NORMAL,7,0,0.2917,7,9035.14,0,14,1,,0,1,LOW,1,1,0,0,15,5,0,,TRAIN,SYNTHETIC
CASE-00544,CMP-100544,0,0,NORMAL,8,0,0.3333,8,9951,1,16,2,,0,1,LOW,1,1,0,0,16,5,0,,TRAIN,SYNTHETIC
CASE-00545,CMP-100545,0,0,NORMAL,9,0,0.375,9,8936.56,1,18,2,,0,1,MEDIUM,1,1,0,0,17,5,0,,TRAIN,SYNTHETIC
CASE-00546,CMP-100546,0,0,NORMAL,8,0,0.3333,8,11009.5,0,16,1,,0,1,LOW,1,1,0,0,18,5,0,,TRAIN,SYNTHETIC
CASE-00547,CMP-100547,1,1,MULTI_HOP,9,3,0.375,1.25,40140.33,3,16,4,0.7121,0,1,LOW,1,1,0,0,2,6,0,294,TRAIN,SYNTHETIC
CASE-00548,CMP-100548,0,0,NORMAL,8,0,0.3333,8,12258,1,16,2,,0,1,LOW,1,1,0,0,20,5,0,,TRAIN,SYNTHETIC
CASE-00549,CMP-100549,0,0,NORMAL,9,0,0.375,9,4626.78,0,18,1,,0,1,LOW,1,1,0,0,21,5,0,,TRAIN,SYNTHETIC
CASE-00550,CMP-100550,0,0,NORMAL,8,0,0.3333,8,8534.88,1,16,2,,0,1,HIGH,1,1,0,0,22,5,0,,TRAIN,SYNTHETIC
CASE-00551,CMP-100551,0,0,NORMAL,9,0,0.375,9,11711.67,1,18,2,,0,1,LOW,1,1,0,0,23,5,0,,TRAIN,SYNTHETIC
CASE-00552,CMP-100552,1,1,MULTI_HOP,12,2,0.5,3.1034,17514.5,2,23,3,0.7524,0,1,LOW,1,1,0,0,3,6,0,159,TRAIN,SYNTHETIC
CASE-00553,CMP-100553,1,1,PROXIMITY,7,1,0.2917,2.5,15489.43,1,14,2,0.8564,0,1,LOW,1,1,0,0,3,6,0,0,TRAIN,SYNTHETIC
CASE-00554,CMP-100554,1,1,DELAYED,11,1,0.4583,0.6471,15227.36,1,22,2,0.8974,0,1,LOW,1,1,0,0,19,6,0,0,VALIDATION,SYNTHETIC
CASE-00555,CMP-100555,1,1,MULTI_CANDIDATE,11,1,0.4583,4.5517,13020,1,22,2,0.8496,0,1,MEDIUM,1,1,0,0,5,6,0,0,VALIDATION,SYNTHETIC
CASE-00556,CMP-100556,0,0,NORMAL,7,0,0.2917,7,13129.57,0,14,1,,0,1,LOW,1,1,0,0,4,6,0,,VALIDATION,SYNTHETIC
CASE-00557,CMP-100557,1,1,MULTI_HOP,9,3,0.375,1.9636,30898.11,3,16,4,0.6495,0,1,LOW,1,1,0,0,9,6,0,164,TEST,SYNTHETIC
CASE-00558,CMP-100558,0,0,NORMAL,6,0,0.25,6,14634.5,0,12,1,,0,1,LOW,1,1,0,0,6,6,0,,TEST,SYNTHETIC
CASE-00559,CMP-100559,1,1,DELAYED,7,0,0.2917,7,7224.29,0,14,1,1,0,1,LOW,1,1,0,0,7,6,0,,TEST,SYNTHETIC
CASE-00560,CMP-100560,0,0,NORMAL,6,0,0.25,6,8091.17,1,12,2,,0,1,MEDIUM,1,1,0,0,8,6,0,,TRAIN,SYNTHETIC
CASE-00561,CMP-100561,1,1,RAPID,9,1,0.375,9,19073.33,1,18,2,0.8624,1,1,HIGH,1,1,0,0,9,6,0,0,TRAIN,SYNTHETIC
CASE-00562,CMP-100562,0,0,NORMAL,8,0,0.3333,8,12090.25,0,16,1,,0,1,LOW,1,1,0,0,10,6,0,,TRAIN,SYNTHETIC
CASE-00563,CMP-100563,1,0,PROXIMITY,7,1,0.2917,3.8532,13985.43,1,14,2,0.9033,0,1,LOW,1,1,0,0,12,6,0,0,TRAIN,SYNTHETIC
CASE-00564,CMP-100564,1,1,DELAYED,10,0,0.4167,10,9262.6,0,20,1,1,0,1,LOW,1,1,0,0,12,6,0,,TRAIN,SYNTHETIC
CASE-00565,CMP-100565,1,1,MULTI_CANDIDATE,9,1,0.375,4.3902,14115.44,1,18,2,0.9231,0,1,MEDIUM,1,1,0,0,15,6,0,0,TRAIN,SYNTHETIC
CASE-00566,CMP-100566,0,0,NORMAL,7,0,0.2917,7,12751.29,0,14,1,,0,1,LOW,1,1,0,0,14,6,0,,TRAIN,SYNTHETIC
CASE-00567,CMP-100567,0,0,NORMAL,6,0,0.25,6,11846.83,1,12,2,,0,1,LOW,1,1,0,0,15,6,0,,TRAIN,SYNTHETIC
CASE-00568,CMP-100568,1,1,PROXIMITY,8,1,0.3333,3.3333,21691.75,1,16,2,0.9108,0,1,LOW,1,1,0,0,18,6,0,0,TRAIN,SYNTHETIC
CASE-00569,CMP-100569,1,1,DELAYED,9,1,0.375,0.6429,14105.89,1,18,2,0.8252,0,1,LOW,1,1,0,0,7,0,0,0,TRAIN,SYNTHETIC
CASE-00570,CMP-100570,1,0,MULTI_CANDIDATE,8,0,0.3333,8,10201.13,0,16,1,1,0,1,MEDIUM,1,1,0,0,18,6,0,,TRAIN,SYNTHETIC
CASE-00571,CMP-100571,0,0,NORMAL,8,0,0.3333,8,11416.5,0,16,1,,0,1,LOW,1,1,0,0,19,6,0,,TRAIN,SYNTHETIC
CASE-00572,CMP-100572,1,1,MULTI_HOP,11,2,0.4583,11,16112.73,2,21,3,0.7113,0,1,HIGH,1,1,0,0,20,6,0,24,TRAIN,SYNTHETIC
CASE-00573,CMP-100573,0,0,NORMAL,6,0,0.25,6,13414,0,12,1,,0,1,LOW,1,1,0,0,21,6,0,,TRAIN,SYNTHETIC
CASE-00574,CMP-100574,1,1,DELAYED,8,1,0.3333,0.4,23461.5,1,16,2,0.8939,0,1,LOW,1,1,0,0,18,0,0,0,VALIDATION,SYNTHETIC
CASE-00575,CMP-100575,0,0,NORMAL,6,0,0.25,6,9892.33,0,12,1,,0,1,MEDIUM,1,1,0,0,23,6,0,,VALIDATION,SYNTHETIC
CASE-00576,CMP-100576,0,0,NORMAL,6,0,0.25,6,11637,0,12,1,,0,1,LOW,1,1,0,0,0,0,0,,VALIDATION,SYNTHETIC
CASE-00577,CMP-100577,0,0,NORMAL,6,0,0.25,6,12756,1,12,2,,0,1,LOW,1,1,0,0,1,0,0,,TEST,SYNTHETIC
CASE-00578,CMP-100578,0,0,NORMAL,7,0,0.2917,7,8108.14,0,14,1,,0,1,LOW,1,1,0,0,2,0,0,,TEST,SYNTHETIC
CASE-00579,CMP-100579,1,1,DELAYED,10,1,0.4167,0.5263,15131.9,1,20,2,0.9018,0,1,LOW,1,1,0,0,22,0,0,0,TEST,SYNTHETIC
CASE-00580,CMP-100580,1,1,MULTI_CANDIDATE,9,0,0.375,9,10607.67,0,18,1,1,0,1,MEDIUM,1,1,0,0,4,0,0,,TRAIN,SYNTHETIC
CASE-00581,CMP-100581,1,1,RAPID,11,1,0.4583,11,12860.55,1,22,2,0.8821,1,1,LOW,1,1,0,0,5,0,0,0,TRAIN,SYNTHETIC
CASE-00582,CMP-100582,1,1,MULTI_HOP,9,3,0.375,1.6314,22545.67,3,16,4,0.6425,0,1,LOW,1,1,0,0,11,0,0,207,TRAIN,SYNTHETIC
CASE-00583,CMP-100583,1,1,PROXIMITY,11,1,0.4583,11,14311.82,1,22,2,0.8838,0,1,HIGH,1,1,0,0,7,0,0,0,TRAIN,SYNTHETIC
CASE-00584,CMP-100584,0,0,NORMAL,9,0,0.375,9,15250.67,0,18,1,,0,1,LOW,1,1,0,0,8,0,0,,TRAIN,SYNTHETIC
CASE-00585,CMP-100585,1,1,MULTI_CANDIDATE,10,1,0.4167,5.6075,18790.8,1,20,2,0.92,0,1,MEDIUM,1,1,0,0,10,0,0,0,TRAIN,SYNTHETIC
CASE-00586,CMP-100586,1,1,RAPID,11,1,0.4583,11,10836.91,1,22,2,0.8998,1,1,LOW,1,1,0,0,10,0,0,0,TRAIN,SYNTHETIC
CASE-00587,CMP-100587,1,1,MULTI_HOP,10,2,0.4167,6.3158,15778.2,2,19,3,0.7504,0,1,LOW,1,1,0,0,12,0,0,63,TRAIN,SYNTHETIC
CASE-00588,CMP-100588,1,1,PROXIMITY,10,1,0.4167,10,14682.8,1,20,2,0.9242,0,1,LOW,1,1,0,0,12,0,0,0,TRAIN,SYNTHETIC
CASE-00589,CMP-100589,1,1,DELAYED,8,1,0.3333,0.2222,13884.88,1,16,2,0.91,0,1,LOW,1,1,0,0,1,2,0,0,TRAIN,SYNTHETIC
CASE-00590,CMP-100590,1,1,MULTI_CANDIDATE,11,1,0.4583,11,12396.64,1,22,2,0.8354,0,1,MEDIUM,1,1,0,0,14,0,0,0,TRAIN,SYNTHETIC
CASE-00591,CMP-100591,1,1,RAPID,11,1,0.4583,11,13868.09,1,22,2,0.896,1,1,LOW,1,1,0,0,15,0,0,0,TRAIN,SYNTHETIC
CASE-00592,CMP-100592,0,0,NORMAL,6,0,0.25,6,9756.5,1,12,2,,0,1,LOW,1,1,0,0,16,0,0,,TRAIN,SYNTHETIC
CASE-00593,CMP-100593,0,0,NORMAL,8,0,0.3333,8,11445.88,1,16,2,,0,1,LOW,1,1,0,0,17,0,0,,TRAIN,SYNTHETIC
CASE-00594,CMP-100594,1,1,DELAYED,7,1,0.2917,0.7778,13253.29,1,14,2,0.9307,0,1,HIGH,1,1,0,0,3,1,0,0,VALIDATION,SYNTHETIC
CASE-00595,CMP-100595,0,0,NORMAL,8,0,0.3333,8,8812.13,1,16,2,,0,1,MEDIUM,1,1,0,0,19,0,0,,VALIDATION,SYNTHETIC
CASE-00596,CMP-100596,0,0,NORMAL,9,0,0.375,9,15464.67,1,18,2,,0,1,LOW,1,1,0,0,20,0,0,,VALIDATION,SYNTHETIC
CASE-00597,CMP-100597,1,1,MULTI_HOP,11,2,0.4583,6.7347,15933.18,2,21,3,0.7497,0,1,LOW,1,1,0,0,22,0,0,78,TEST,SYNTHETIC
CASE-00598,CMP-100598,1,1,PROXIMITY,7,1,0.2917,5.8333,12703.71,1,14,2,0.9364,0,1,LOW,1,1,0,0,23,0,0,0,TEST,SYNTHETIC
CASE-00599,CMP-100599,1,1,DELAYED,7,1,0.2917,0.4667,13132.14,1,14,2,0.8388,0,1,LOW,1,1,0,0,14,1,0,0,TEST,SYNTHETIC
CASE-00600,CMP-100600,0,0,NORMAL,9,0,0.375,9,10261.11,1,18,2,,0,1,MEDIUM,1,1,0,0,0,1,0,,TRAIN,SYNTHETIC
