withdrawal_id,case_id,transaction_id,account_id,amount,timestamp,atm_id,latitude,longitude,withdrawal_status,source_type
WDR-0000001,CASE-00003,TXN-0000024,ACC-00047,16611,2026-01-01T05:05:00.000Z,ATM-034,10.923868,77.004112,FAILED,SYNTHETIC
WDR-0000002,CASE-00003,TXN-0000024,ACC-00047,19096,2026-01-01T05:30:00.000Z,ATM-022,10.952892,76.912599,SUCCESS,SYNTHETIC
WDR-0000003,CASE-00004,TXN-0000031,ACC-00009,50064,2026-01-02T04:00:00.000Z,ATM-045,17.493683,78.572544,SUCCESS,SYNTHETIC
WDR-0000004,CASE-00004,TXN-0000031,ACC-00009,54616,2026-01-02T04:16:00.000Z,ATM-026,12.878033,77.629769,SUCCESS,SYNTHETIC
WDR-0000005,CASE-00005,TXN-0000041,ACC-00011,37782,2026-01-01T05:27:00.000Z,ATM-056,12.935505,77.53013,SUCCESS,SYNTHETIC
WDR-0000006,CASE-00005,TXN-0000041,ACC-00011,49095,2026-01-01T06:16:00.000Z,ATM-034,10.923868,77.004112,SUCCESS,SYNTHETIC
WDR-0000007,CASE-00011,TXN-0000090,ACC-00151,24508,2026-01-01T11:36:00.000Z,ATM-002,13.049142,77.631941,SUCCESS,SYNTHETIC
WDR-0000008,CASE-00011,TXN-0000090,ACC-00151,25161,2026-01-01T12:40:00.000Z,ATM-061,12.974796,80.322933,SUCCESS,SYNTHETIC
WDR-0000009,CASE-00013,TXN-0000105,ACC-00177,29904,2026-01-01T15:22:00.000Z,ATM-024,16.507959,80.582922,SUCCESS,SYNTHETIC
WDR-0000010,CASE-00013,TXN-0000105,ACC-00177,39191,2026-01-01T16:04:00.000Z,ATM-092,12.893851,77.620724,FAILED,SYNTHETIC
WDR-0000011,CASE-00014,TXN-0000113,ACC-00029,37903,2026-01-03T01:00:00.000Z,ATM-035,18.616071,73.807915,SUCCESS,SYNTHETIC
WDR-0000012,CASE-00014,TXN-0000113,ACC-00029,34956,2026-01-03T01:37:00.000Z,ATM-014,12.902452,77.65698,SUCCESS,SYNTHETIC
WDR-0000013,CASE-00016,TXN-0000126,ACC-00216,59828,2026-01-01T16:26:00.000Z,ATM-057,17.413359,78.571813,FAILED,SYNTHETIC
WDR-0000014,CASE-00016,TXN-0000126,ACC-00216,42635,2026-01-01T16:51:00.000Z,ATM-071,18.446451,73.784283,SUCCESS,SYNTHETIC
WDR-0000015,CASE-00019,TXN-0000152,ACC-00255,36684,2026-01-03T06:00:00.000Z,ATM-090,16.511849,80.722883,SUCCESS,SYNTHETIC
WDR-0000016,CASE-00019,TXN-0000152,ACC-00255,35066,2026-01-03T06:45:00.000Z,ATM-088,11.085374,76.94246,SUCCESS,SYNTHETIC
WDR-0000017,CASE-00023,TXN-0000186,ACC-00307,54779,2026-01-02T01:53:00.000Z,ATM-014,12.902452,77.65698,SUCCESS,SYNTHETIC
WDR-0000018,CASE-00023,TXN-0000186,ACC-00307,46442,2026-01-02T02:52:00.000Z,ATM-042,16.467251,80.698471,SUCCESS,SYNTHETIC
WDR-0000019,CASE-00025,TXN-0000203,ACC-00051,10113,2026-01-02T01:39:00.000Z,ATM-036,16.551649,80.577517,SUCCESS,SYNTHETIC
WDR-0000020,CASE-00025,TXN-0000203,ACC-00051,13188,2026-01-02T02:26:00.000Z,ATM-065,18.450885,73.757144,SUCCESS,SYNTHETIC
WDR-0000021,CASE-00028,TXN-0000231,ACC-00372,50495,2026-01-02T05:07:00.000Z,ATM-069,17.323597,78.595274,SUCCESS,SYNTHETIC
WDR-0000022,CASE-00028,TXN-0000231,ACC-00372,55945,2026-01-02T06:28:00.000Z,ATM-077,18.519358,73.881091,SUCCESS,SYNTHETIC
WDR-0000023,CASE-00029,TXN-0000240,ACC-00059,6345,2026-01-04T03:00:00.000Z,ATM-080,12.927332,77.555124,SUCCESS,SYNTHETIC
WDR-0000024,CASE-00029,TXN-0000240,ACC-00059,6290,2026-01-04T04:04:00.000Z,ATM-081,17.422245,78.425296,SUCCESS,SYNTHETIC
WDR-0000025,CASE-00029,TXN-0000240,ACC-00059,7151,2026-01-04T04:29:00.000Z,ATM-005,18.600804,73.85061,SUCCESS,SYNTHETIC
WDR-0000026,CASE-00030,TXN-0000250,ACC-00061,19617,2026-01-02T06:42:00.000Z,ATM-091,13.169491,80.259723,SUCCESS,SYNTHETIC
WDR-0000027,CASE-00030,TXN-0000250,ACC-00061,14063,2026-01-02T07:52:00.000Z,ATM-080,12.927332,77.555124,SUCCESS,SYNTHETIC
WDR-0000028,CASE-00032,TXN-0000268,ACC-00425,34647,2026-01-02T10:41:00.000Z,ATM-113,18.442334,73.806782,SUCCESS,SYNTHETIC
WDR-0000029,CASE-00032,TXN-0000268,ACC-00425,47281,2026-01-02T10:54:00.000Z,ATM-120,16.499386,80.638993,SUCCESS,SYNTHETIC
WDR-0000030,CASE-00033,TXN-0000277,ACC-00437,6880,2026-01-02T12:01:00.000Z,ATM-004,10.96691,76.983244,SUCCESS,SYNTHETIC
WDR-0000031,CASE-00033,TXN-0000277,ACC-00437,7195,2026-01-02T13:16:00.000Z,ATM-112,11.009374,77.001445,SUCCESS,SYNTHETIC
WDR-0000032,CASE-00035,TXN-0000293,ACC-00071,30337,2026-01-02T11:15:00.000Z,ATM-026,12.878033,77.629769,SUCCESS,SYNTHETIC
WDR-0000033,CASE-00035,TXN-0000293,ACC-00071,28033,2026-01-02T12:44:00.000Z,ATM-074,12.953638,77.63555,SUCCESS,SYNTHETIC
WDR-0000034,CASE-00036,TXN-0000302,ACC-00476,25822,2026-01-02T12:44:00.000Z,ATM-037,13.08717,80.341516,SUCCESS,SYNTHETIC
WDR-0000035,CASE-00036,TXN-0000302,ACC-00476,27623,2026-01-02T13:44:00.000Z,ATM-038,12.88813,77.70364,SUCCESS,SYNTHETIC
WDR-0000036,CASE-00036,TXN-0000302,ACC-00476,26819,2026-01-02T15:05:00.000Z,ATM-069,17.323597,78.595274,SUCCESS,SYNTHETIC
WDR-0000037,CASE-00038,TXN-0000319,ACC-00502,19161,2026-01-02T15:22:00.000Z,ATM-059,18.496848,73.775606,SUCCESS,SYNTHETIC
WDR-0000038,CASE-00038,TXN-0000319,ACC-00502,15562,2026-01-02T15:42:00.000Z,ATM-060,16.586214,80.619336,SUCCESS,SYNTHETIC
WDR-0000039,CASE-00038,TXN-0000319,ACC-00502,15160,2026-01-02T16:40:00.000Z,ATM-027,17.424769,78.529179,SUCCESS,SYNTHETIC
WDR-0000040,CASE-00039,TXN-0000326,ACC-00515,14026,2026-01-05T06:00:00.000Z,ATM-070,11.032717,77.063284,SUCCESS,SYNTHETIC
WDR-0000041,CASE-00039,TXN-0000326,ACC-00515,11023,2026-01-05T06:42:00.000Z,ATM-036,16.551649,80.577517,SUCCESS,SYNTHETIC
WDR-0000042,CASE-00040,TXN-0000334,ACC-00081,9820,2026-01-02T16:22:00.000Z,ATM-081,17.422245,78.425296,FAILED,SYNTHETIC
WDR-0000043,CASE-00040,TXN-0000334,ACC-00081,13333,2026-01-02T17:19:00.000Z,ATM-082,10.944047,76.998697,SUCCESS,SYNTHETIC
WDR-0000044,CASE-00040,TXN-0000334,ACC-00081,9868,2026-01-02T18:05:00.000Z,ATM-013,13.03143,80.174292,SUCCESS,SYNTHETIC
WDR-0000045,CASE-00047,TXN-0000397,ACC-00621,16566,2026-01-03T04:43:00.000Z,ATM-038,12.88813,77.70364,SUCCESS,SYNTHETIC
WDR-0000046,CASE-00047,TXN-0000397,ACC-00621,12378,2026-01-03T05:29:00.000Z,ATM-063,17.474796,78.422678,SUCCESS,SYNTHETIC
WDR-0000047,CASE-00049,TXN-0000416,ACC-00645,29318,2026-01-05T00:00:00.000Z,ATM-060,16.586214,80.619336,SUCCESS,SYNTHETIC
WDR-0000048,CASE-00049,TXN-0000416,ACC-00645,31965,2026-01-05T00:35:00.000Z,ATM-059,18.496848,73.775606,SUCCESS,SYNTHETIC
WDR-0000049,CASE-00050,TXN-0000423,ACC-00658,35577,2026-01-03T03:40:00.000Z,ATM-071,18.446451,73.784283,SUCCESS,SYNTHETIC
WDR-0000050,CASE-00050,TXN-0000423,ACC-00658,33295,2026-01-03T03:56:00.000Z,ATM-058,10.978603,77.020134,SUCCESS,SYNTHETIC
WDR-0000051,CASE-00051,TXN-0000432,ACC-00671,23157,2026-01-03T03:19:00.000Z,ATM-082,10.944047,76.998697,SUCCESS,SYNTHETIC
WDR-0000052,CASE-00051,TXN-0000432,ACC-00671,19352,2026-01-03T03:50:00.000Z,ATM-116,12.986728,77.642202,SUCCESS,SYNTHETIC
WDR-0000053,CASE-00053,TXN-0000447,ACC-00697,34965,2026-01-03T08:00:00.000Z,ATM-104,12.959919,77.677844,SUCCESS,SYNTHETIC
WDR-0000054,CASE-00053,TXN-0000447,ACC-00697,29851,2026-01-03T09:04:00.000Z,ATM-012,16.526511,80.544938,SUCCESS,SYNTHETIC
WDR-0000055,CASE-00054,TXN-0000457,ACC-00109,42505,2026-01-04T10:00:00.000Z,ATM-115,13.036717,80.257717,SUCCESS,SYNTHETIC
WDR-0000056,CASE-00054,TXN-0000457,ACC-00109,38074,2026-01-04T11:17:00.000Z,ATM-116,12.986728,77.642202,SUCCESS,SYNTHETIC
WDR-0000057,CASE-00054,TXN-0000457,ACC-00109,39220,2026-01-04T11:48:00.000Z,ATM-065,18.450885,73.757144,SUCCESS,SYNTHETIC
WDR-0000058,CASE-00057,TXN-0000486,ACC-00750,32395,2026-01-03T10:16:00.000Z,ATM-028,11.110925,76.865153,SUCCESS,SYNTHETIC
WDR-0000059,CASE-00057,TXN-0000486,ACC-00750,35007,2026-01-03T10:33:00.000Z,ATM-093,17.45267,78.42255,SUCCESS,SYNTHETIC
WDR-0000060,CASE-00058,TXN-0000496,ACC-00762,45571,2026-01-03T13:22:00.000Z,ATM-039,17.398816,78.578246,SUCCESS,SYNTHETIC
WDR-0000061,CASE-00058,TXN-0000496,ACC-00762,37186,2026-01-03T14:30:00.000Z,ATM-040,11.002278,76.97306,SUCCESS,SYNTHETIC
WDR-0000062,CASE-00058,TXN-0000496,ACC-00762,48099,2026-01-03T14:44:00.000Z,ATM-047,18.475504,73.768893,SUCCESS,SYNTHETIC
WDR-0000063,CASE-00059,TXN-0000505,ACC-00775,14452,2026-01-05T16:00:00.000Z,ATM-050,12.882201,77.589186,FAILED,SYNTHETIC
WDR-0000064,CASE-00059,TXN-0000505,ACC-00775,15448,2026-01-05T16:53:00.000Z,ATM-089,18.444311,73.937579,SUCCESS,SYNTHETIC
WDR-0000065,CASE-00060,TXN-0000512,ACC-00121,16782,2026-01-03T12:45:00.000Z,ATM-061,12.974796,80.322933,SUCCESS,SYNTHETIC
WDR-0000066,CASE-00060,TXN-0000512,ACC-00121,18644,2026-01-03T12:55:00.000Z,ATM-109,12.977093,80.179511,SUCCESS,SYNTHETIC
WDR-0000067,CASE-00064,TXN-0000549,ACC-00129,56585,2026-01-04T12:00:00.000Z,ATM-105,17.424818,78.453535,SUCCESS,SYNTHETIC
WDR-0000068,CASE-00064,TXN-0000549,ACC-00129,60194,2026-01-04T13:22:00.000Z,ATM-106,11.113057,76.983507,SUCCESS,SYNTHETIC
WDR-0000069,CASE-00064,TXN-0000549,ACC-00129,61621,2026-01-04T13:55:00.000Z,ATM-066,16.551421,80.693841,SUCCESS,SYNTHETIC
WDR-0000070,CASE-00066,TXN-0000562,ACC-00866,48467,2026-01-03T18:26:00.000Z,ATM-007,13.136762,80.22824,SUCCESS,SYNTHETIC
WDR-0000071,CASE-00066,TXN-0000562,ACC-00866,63473,2026-01-03T19:28:00.000Z,ATM-111,17.485307,78.570182,SUCCESS,SYNTHETIC
WDR-0000072,CASE-00072,TXN-0000603,ACC-00945,28571,2026-01-04T04:11:00.000Z,ATM-073,13.059524,80.25627,FAILED,SYNTHETIC
WDR-0000073,CASE-00072,TXN-0000603,ACC-00945,31009,2026-01-04T05:14:00.000Z,ATM-040,11.002278,76.97306,SUCCESS,SYNTHETIC
WDR-0000074,CASE-00073,TXN-0000611,ACC-00957,20624,2026-01-04T03:16:00.000Z,ATM-084,16.465235,80.547331,SUCCESS,SYNTHETIC
WDR-0000075,CASE-00073,TXN-0000611,ACC-00957,20460,2026-01-04T04:19:00.000Z,ATM-032,12.940898,77.590579,SUCCESS,SYNTHETIC
WDR-0000076,CASE-00078,TXN-0000649,ACC-01022,27701,2026-01-04T06:42:00.000Z,ATM-019,12.980937,80.172006,SUCCESS,SYNTHETIC
WDR-0000077,CASE-00078,TXN-0000649,ACC-01022,21778,2026-01-04T07:57:00.000Z,ATM-067,13.036828,80.221307,SUCCESS,SYNTHETIC
WDR-0000078,CASE-00079,TXN-0000657,ACC-00159,36945,2026-01-05T11:00:00.000Z,ATM-030,16.603505,80.568206,SUCCESS,SYNTHETIC
WDR-0000079,CASE-00079,TXN-0000657,ACC-00159,34884,2026-01-05T12:12:00.000Z,ATM-031,12.997107,80.164185,SUCCESS,SYNTHETIC
WDR-0000080,CASE-00079,TXN-0000657,ACC-00159,33460,2026-01-05T13:28:00.000Z,ATM-017,18.517703,73.924685,SUCCESS,SYNTHETIC
WDR-0000081,CASE-00081,TXN-0000671,ACC-01061,18464,2026-01-04T09:56:00.000Z,ATM-052,11.120804,76.885047,SUCCESS,SYNTHETIC
WDR-0000082,CASE-00081,TXN-0000671,ACC-01061,13820,2026-01-04T10:22:00.000Z,ATM-065,18.450885,73.757144,SUCCESS,SYNTHETIC
WDR-0000083,CASE-00083,TXN-0000689,ACC-01087,25365,2026-01-04T13:00:00.000Z,ATM-074,12.953638,77.63555,SUCCESS,SYNTHETIC
WDR-0000084,CASE-00083,TXN-0000689,ACC-01087,25531,2026-01-04T14:10:00.000Z,ATM-075,17.362673,78.450647,SUCCESS,SYNTHETIC
WDR-0000085,CASE-00083,TXN-0000689,ACC-01087,26037,2026-01-04T14:57:00.000Z,ATM-102,16.580335,80.725652,SUCCESS,SYNTHETIC
WDR-0000086,CASE-00089,TXN-0000737,ACC-00179,16670,2026-01-05T06:00:00.000Z,ATM-020,12.984052,77.61588,SUCCESS,SYNTHETIC
WDR-0000087,CASE-00089,TXN-0000737,ACC-00179,17061,2026-01-05T06:14:00.000Z,ATM-034,10.923868,77.004112,SUCCESS,SYNTHETIC
WDR-0000088,CASE-00090,TXN-0000743,ACC-00181,56892,2026-01-04T18:45:00.000Z,ATM-031,12.997107,80.164185,SUCCESS,SYNTHETIC
WDR-0000089,CASE-00090,TXN-0000743,ACC-00181,50824,2026-01-04T18:56:00.000Z,ATM-032,12.940898,77.590579,SUCCESS,SYNTHETIC
WDR-0000090,CASE-00090,TXN-0000743,ACC-00181,54396,2026-01-04T20:12:00.000Z,ATM-060,16.586214,80.619336,SUCCESS,SYNTHETIC
WDR-0000091,CASE-00094,TXN-0000779,ACC-01230,4046,2026-01-06T15:00:00.000Z,ATM-075,17.362673,78.450647,SUCCESS,SYNTHETIC
WDR-0000092,CASE-00094,TXN-0000779,ACC-01230,5833,2026-01-06T15:45:00.000Z,ATM-049,13.145607,80.359751,SUCCESS,SYNTHETIC
WDR-0000093,CASE-00095,TXN-0000789,ACC-01243,48365,2026-01-04T23:59:00.000Z,ATM-086,12.967538,77.568185,SUCCESS,SYNTHETIC
WDR-0000094,CASE-00095,TXN-0000789,ACC-01243,45642,2026-01-05T01:08:00.000Z,ATM-115,13.036717,80.257717,SUCCESS,SYNTHETIC
WDR-0000095,CASE-00098,TXN-0000816,ACC-01282,37937,2026-01-05T03:47:00.000Z,ATM-119,18.524317,73.84428,SUCCESS,SYNTHETIC
WDR-0000096,CASE-00098,TXN-0000816,ACC-01282,29912,2026-01-05T04:12:00.000Z,ATM-120,16.499386,80.638993,SUCCESS,SYNTHETIC
WDR-0000097,CASE-00098,TXN-0000816,ACC-01282,25558,2026-01-05T05:38:00.000Z,ATM-087,17.431651,78.577478,SUCCESS,SYNTHETIC
WDR-0000098,CASE-00099,TXN-0000826,ACC-01295,21441,2026-01-06T09:00:00.000Z,ATM-010,10.907645,76.949372,SUCCESS,SYNTHETIC
WDR-0000099,CASE-00099,TXN-0000826,ACC-01295,25654,2026-01-06T09:40:00.000Z,ATM-096,16.585286,80.723502,SUCCESS,SYNTHETIC
WDR-0000100,CASE-00100,TXN-0000834,ACC-00201,10624,2026-01-05T04:25:00.000Z,ATM-021,17.328938,78.518753,SUCCESS,SYNTHETIC
WDR-0000101,CASE-00100,TXN-0000834,ACC-00201,9452,2026-01-05T04:53:00.000Z,ATM-050,12.882201,77.589186,SUCCESS,SYNTHETIC
WDR-0000102,CASE-00102,TXN-0000854,ACC-01335,17261,2026-01-05T10:02:00.000Z,ATM-043,13.037646,80.259648,SUCCESS,SYNTHETIC
WDR-0000103,CASE-00102,TXN-0000854,ACC-01335,15843,2026-01-05T11:28:00.000Z,ATM-106,11.113057,76.983507,SUCCESS,SYNTHETIC
WDR-0000104,CASE-00106,TXN-0000890,ACC-01386,8604,2026-01-05T10:50:00.000Z,ATM-087,17.431651,78.577478,SUCCESS,SYNTHETIC
WDR-0000105,CASE-00106,TXN-0000890,ACC-01386,8192,2026-01-05T11:57:00.000Z,ATM-096,16.585286,80.723502,SUCCESS,SYNTHETIC
WDR-0000106,CASE-00107,TXN-0000901,ACC-01400,36427,2026-01-05T13:34:00.000Z,ATM-098,12.876855,77.521846,SUCCESS,SYNTHETIC
WDR-0000107,CASE-00107,TXN-0000901,ACC-01400,42731,2026-01-05T14:15:00.000Z,ATM-033,17.409623,78.574603,SUCCESS,SYNTHETIC
WDR-0000108,CASE-00108,TXN-0000910,ACC-00012,25345,2026-01-05T12:25:00.000Z,ATM-109,12.977093,80.179511,FAILED,SYNTHETIC
WDR-0000109,CASE-00108,TXN-0000910,ACC-00012,22900,2026-01-05T13:02:00.000Z,ATM-037,13.08717,80.341516,SUCCESS,SYNTHETIC
WDR-0000110,CASE-00109,TXN-0000921,ACC-00025,33693,2026-01-08T07:00:00.000Z,ATM-120,16.499386,80.638993,SUCCESS,SYNTHETIC
WDR-0000111,CASE-00109,TXN-0000921,ACC-00025,22844,2026-01-08T07:24:00.000Z,ATM-038,12.88813,77.70364,SUCCESS,SYNTHETIC
WDR-0000112,CASE-00111,TXN-0000940,ACC-00051,41499,2026-01-05T15:25:00.000Z,ATM-022,10.952892,76.912599,SUCCESS,SYNTHETIC
WDR-0000113,CASE-00111,TXN-0000940,ACC-00051,37224,2026-01-05T16:14:00.000Z,ATM-023,18.572897,73.935616,SUCCESS,SYNTHETIC
WDR-0000114,CASE-00111,TXN-0000940,ACC-00051,44252,2026-01-05T17:32:00.000Z,ATM-072,16.519612,80.602351,SUCCESS,SYNTHETIC
WDR-0000115,CASE-00118,TXN-0000998,ACC-00142,6296,2026-01-05T23:27:00.000Z,ATM-099,17.386439,78.525565,SUCCESS,SYNTHETIC
WDR-0000116,CASE-00118,TXN-0000998,ACC-00142,7251,2026-01-05T23:53:00.000Z,ATM-107,18.482853,73.932527,SUCCESS,SYNTHETIC
WDR-0000117,CASE-00119,TXN-0001006,ACC-00239,33188,2026-01-07T19:00:00.000Z,ATM-110,13.004084,77.6444,SUCCESS,SYNTHETIC
WDR-0000118,CASE-00119,TXN-0001006,ACC-00239,49015,2026-01-07T19:56:00.000Z,ATM-051,17.455829,78.405295,SUCCESS,SYNTHETIC
WDR-0000119,CASE-00120,TXN-0001015,ACC-00241,54148,2026-01-06T00:28:00.000Z,ATM-001,13.104943,80.259324,SUCCESS,SYNTHETIC
WDR-0000120,CASE-00120,TXN-0001015,ACC-00241,49012,2026-01-06T01:27:00.000Z,ATM-052,11.120804,76.885047,SUCCESS,SYNTHETIC
WDR-0000121,CASE-00122,TXN-0001032,ACC-00195,35081,2026-01-06T06:34:00.000Z,ATM-023,18.572897,73.935616,SUCCESS,SYNTHETIC
WDR-0000122,CASE-00122,TXN-0001032,ACC-00195,30311,2026-01-06T07:13:00.000Z,ATM-024,16.507959,80.582922,SUCCESS,SYNTHETIC
WDR-0000123,CASE-00122,TXN-0001032,ACC-00195,32758,2026-01-06T08:20:00.000Z,ATM-094,10.992522,76.965846,SUCCESS,SYNTHETIC
WDR-0000124,CASE-00126,TXN-0001063,ACC-00246,21650,2026-01-06T06:44:00.000Z,ATM-067,13.036828,80.221307,SUCCESS,SYNTHETIC
WDR-0000125,CASE-00126,TXN-0001063,ACC-00246,18531,2026-01-06T07:46:00.000Z,ATM-029,18.618022,73.84155,SUCCESS,SYNTHETIC
WDR-0000126,CASE-00129,TXN-0001090,ACC-00285,32236,2026-01-08T16:00:00.000Z,ATM-100,11.074176,77.06392,SUCCESS,SYNTHETIC
WDR-0000127,CASE-00129,TXN-0001090,ACC-00285,33756,2026-01-08T16:37:00.000Z,ATM-095,18.626988,73.85494,SUCCESS,SYNTHETIC
WDR-0000128,CASE-00130,TXN-0001099,ACC-00261,6795,2026-01-06T10:10:00.000Z,ATM-111,17.485307,78.570182,SUCCESS,SYNTHETIC
WDR-0000129,CASE-00130,TXN-0001099,ACC-00261,6129,2026-01-06T11:20:00.000Z,ATM-069,17.323597,78.595274,SUCCESS,SYNTHETIC
WDR-0000130,CASE-00132,TXN-0001119,ACC-00325,19303,2026-01-06T15:13:00.000Z,ATM-013,13.03143,80.174292,SUCCESS,SYNTHETIC
WDR-0000131,CASE-00132,TXN-0001119,ACC-00325,19839,2026-01-06T15:27:00.000Z,ATM-014,12.902452,77.65698,SUCCESS,SYNTHETIC
WDR-0000132,CASE-00132,TXN-0001119,ACC-00325,15769,2026-01-06T16:19:00.000Z,ATM-039,17.398816,78.578246,SUCCESS,SYNTHETIC
WDR-0000133,CASE-00134,TXN-0001132,ACC-00269,34841,2026-01-08T01:00:00.000Z,ATM-035,18.616071,73.807915,SUCCESS,SYNTHETIC
WDR-0000134,CASE-00134,TXN-0001132,ACC-00269,52172,2026-01-08T01:38:00.000Z,ATM-089,18.444311,73.937579,SUCCESS,SYNTHETIC
WDR-0000135,CASE-00135,TXN-0001138,ACC-00271,14051,2026-01-06T15:31:00.000Z,ATM-046,11.001816,76.965747,SUCCESS,SYNTHETIC
WDR-0000136,CASE-00135,TXN-0001138,ACC-00271,14973,2026-01-06T16:55:00.000Z,ATM-046,11.001816,76.965747,SUCCESS,SYNTHETIC
WDR-0000137,CASE-00136,TXN-0001148,ACC-00376,44289,2026-01-06T16:54:00.000Z,ATM-057,17.413359,78.571813,SUCCESS,SYNTHETIC
WDR-0000138,CASE-00136,TXN-0001148,ACC-00376,52443,2026-01-06T18:10:00.000Z,ATM-114,16.42681,80.548489,SUCCESS,SYNTHETIC
WDR-0000139,CASE-00138,TXN-0001163,ACC-00402,51560,2026-01-06T20:02:00.000Z,ATM-079,13.02449,80.23228,SUCCESS,SYNTHETIC
WDR-0000140,CASE-00138,TXN-0001163,ACC-00402,44873,2026-01-06T20:29:00.000Z,ATM-007,13.136762,80.22824,SUCCESS,SYNTHETIC
WDR-0000141,CASE-00140,TXN-0001179,ACC-00281,31264,2026-01-06T20:21:00.000Z,ATM-101,18.589915,73.885655,SUCCESS,SYNTHETIC
WDR-0000142,CASE-00140,TXN-0001179,ACC-00281,38285,2026-01-06T20:40:00.000Z,ATM-102,16.580335,80.725652,FAILED,SYNTHETIC
WDR-0000143,CASE-00140,TXN-0001179,ACC-00281,40392,2026-01-06T20:58:00.000Z,ATM-042,16.467251,80.698471,SUCCESS,SYNTHETIC
WDR-0000144,CASE-00141,TXN-0001189,ACC-00441,31747,2026-01-06T21:59:00.000Z,ATM-112,11.009374,77.001445,SUCCESS,SYNTHETIC
WDR-0000145,CASE-00141,TXN-0001189,ACC-00441,43349,2026-01-06T23:06:00.000Z,ATM-006,16.451183,80.732053,SUCCESS,SYNTHETIC
WDR-0000146,CASE-00147,TXN-0001243,ACC-00521,25130,2026-01-07T07:10:00.000Z,ATM-058,10.978603,77.020134,SUCCESS,SYNTHETIC
WDR-0000147,CASE-00147,TXN-0001243,ACC-00521,24955,2026-01-07T07:33:00.000Z,ATM-069,17.323597,78.595274,SUCCESS,SYNTHETIC
WDR-0000148,CASE-00153,TXN-0001289,ACC-00597,33202,2026-01-07T09:49:00.000Z,ATM-004,10.96691,76.983244,SUCCESS,SYNTHETIC
WDR-0000149,CASE-00153,TXN-0001289,ACC-00597,50108,2026-01-07T10:12:00.000Z,ATM-112,11.009374,77.001445,FAILED,SYNTHETIC
WDR-0000150,CASE-00154,TXN-0001299,ACC-00610,32646,2026-01-09T08:00:00.000Z,ATM-015,17.391674,78.382667,SUCCESS,SYNTHETIC
WDR-0000151,CASE-00154,TXN-0001299,ACC-00610,29484,2026-01-09T08:50:00.000Z,ATM-016,10.944861,77.031191,SUCCESS,SYNTHETIC
WDR-0000152,CASE-00155,TXN-0001309,ACC-00623,9130,2026-01-07T13:05:00.000Z,ATM-026,12.878033,77.629769,SUCCESS,SYNTHETIC
WDR-0000153,CASE-00155,TXN-0001309,ACC-00623,12597,2026-01-07T13:44:00.000Z,ATM-070,11.032717,77.063284,SUCCESS,SYNTHETIC
WDR-0000154,CASE-00156,TXN-0001318,ACC-00636,12115,2026-01-07T12:31:00.000Z,ATM-037,13.08717,80.341516,SUCCESS,SYNTHETIC
WDR-0000155,CASE-00156,TXN-0001318,ACC-00636,15265,2026-01-07T13:38:00.000Z,ATM-045,17.493683,78.572544,SUCCESS,SYNTHETIC
WDR-0000156,CASE-00160,TXN-0001349,ACC-00688,41913,2026-01-07T19:05:00.000Z,ATM-081,17.422245,78.425296,SUCCESS,SYNTHETIC
WDR-0000157,CASE-00160,TXN-0001349,ACC-00688,42017,2026-01-07T20:22:00.000Z,ATM-098,12.876855,77.521846,SUCCESS,SYNTHETIC
WDR-0000158,CASE-00164,TXN-0001379,ACC-00329,30941,2026-01-09T07:00:00.000Z,ATM-005,18.600804,73.85061,SUCCESS,SYNTHETIC
WDR-0000159,CASE-00164,TXN-0001379,ACC-00329,36336,2026-01-09T07:31:00.000Z,ATM-065,18.450885,73.757144,SUCCESS,SYNTHETIC
WDR-0000160,CASE-00165,TXN-0001388,ACC-00753,13045,2026-01-07T22:09:00.000Z,ATM-016,10.944861,77.031191,SUCCESS,SYNTHETIC
WDR-0000161,CASE-00165,TXN-0001388,ACC-00753,12432,2026-01-07T23:25:00.000Z,ATM-005,18.600804,73.85061,SUCCESS,SYNTHETIC
WDR-0000162,CASE-00166,TXN-0001398,ACC-00766,6698,2026-01-07T22:33:00.000Z,ATM-027,17.424769,78.529179,SUCCESS,SYNTHETIC
WDR-0000163,CASE-00166,TXN-0001398,ACC-00766,7112,2026-01-07T23:13:00.000Z,ATM-048,16.549479,80.606927,SUCCESS,SYNTHETIC
WDR-0000164,CASE-00167,TXN-0001410,ACC-00781,32277,2026-01-08T04:48:00.000Z,ATM-038,12.88813,77.70364,SUCCESS,SYNTHETIC
WDR-0000165,CASE-00167,TXN-0001410,ACC-00781,27180,2026-01-08T06:14:00.000Z,ATM-012,16.526511,80.544938,SUCCESS,SYNTHETIC
WDR-0000166,CASE-00168,TXN-0001420,ACC-00792,25405,2026-01-08T03:08:00.000Z,ATM-049,13.145607,80.359751,SUCCESS,SYNTHETIC
WDR-0000167,CASE-00168,TXN-0001420,ACC-00792,22696,2026-01-08T03:51:00.000Z,ATM-097,13.136297,80.17248,FAILED,SYNTHETIC
WDR-0000168,CASE-00171,TXN-0001448,ACC-00831,26248,2026-01-08T03:46:00.000Z,ATM-082,10.944047,76.998697,SUCCESS,SYNTHETIC
WDR-0000169,CASE-00171,TXN-0001448,ACC-00831,30216,2026-01-08T05:14:00.000Z,ATM-036,16.551649,80.577517,SUCCESS,SYNTHETIC
WDR-0000170,CASE-00174,TXN-0001475,ACC-00870,56974,2026-01-10T02:00:00.000Z,ATM-115,13.036717,80.257717,SUCCESS,SYNTHETIC
WDR-0000171,CASE-00174,TXN-0001475,ACC-00870,42314,2026-01-10T02:43:00.000Z,ATM-100,11.074176,77.06392,SUCCESS,SYNTHETIC
WDR-0000172,CASE-00178,TXN-0001501,ACC-00922,17327,2026-01-08T13:10:00.000Z,ATM-039,17.398816,78.578246,SUCCESS,SYNTHETIC
WDR-0000173,CASE-00178,TXN-0001501,ACC-00922,17449,2026-01-08T13:24:00.000Z,ATM-047,18.475504,73.768893,SUCCESS,SYNTHETIC
WDR-0000174,CASE-00188,TXN-0001587,ACC-01052,23506,2026-01-08T23:25:00.000Z,ATM-029,18.618022,73.84155,SUCCESS,SYNTHETIC
WDR-0000175,CASE-00188,TXN-0001587,ACC-01052,27145,2026-01-09T00:52:00.000Z,ATM-117,17.449586,78.549354,SUCCESS,SYNTHETIC
WDR-0000176,CASE-00189,TXN-0001596,ACC-01065,12118,2026-01-11T03:00:00.000Z,ATM-040,11.002278,76.97306,SUCCESS,SYNTHETIC
WDR-0000177,CASE-00189,TXN-0001596,ACC-01065,8671,2026-01-11T03:25:00.000Z,ATM-041,18.484532,73.877873,SUCCESS,SYNTHETIC
WDR-0000178,CASE-00189,TXN-0001596,ACC-01065,9630,2026-01-11T04:30:00.000Z,ATM-004,10.96691,76.983244,SUCCESS,SYNTHETIC
WDR-0000179,CASE-00191,TXN-0001613,ACC-01091,14237,2026-01-08T23:26:00.000Z,ATM-062,13.001358,77.677303,SUCCESS,SYNTHETIC
WDR-0000180,CASE-00191,TXN-0001613,ACC-01091,13189,2026-01-09T00:49:00.000Z,ATM-063,17.474796,78.422678,SUCCESS,SYNTHETIC
WDR-0000181,CASE-00191,TXN-0001613,ACC-01091,10390,2026-01-09T01:17:00.000Z,ATM-008,12.904996,77.59476,SUCCESS,SYNTHETIC
WDR-0000182,CASE-00194,TXN-0001640,ACC-00389,26756,2026-01-09T19:00:00.000Z,ATM-095,18.626988,73.85494,SUCCESS,SYNTHETIC
WDR-0000183,CASE-00194,TXN-0001640,ACC-00389,33001,2026-01-09T19:45:00.000Z,ATM-098,12.876855,77.521846,SUCCESS,SYNTHETIC
WDR-0000184,CASE-00200,TXN-0001692,ACC-01208,13105,2026-01-09T10:53:00.000Z,ATM-041,18.484532,73.877873,SUCCESS,SYNTHETIC
WDR-0000185,CASE-00200,TXN-0001692,ACC-01208,17601,2026-01-09T11:40:00.000Z,ATM-042,16.467251,80.698471,SUCCESS,SYNTHETIC
WDR-0000186,CASE-00200,TXN-0001692,ACC-01208,16752,2026-01-09T12:29:00.000Z,ATM-058,10.978603,77.020134,SUCCESS,SYNTHETIC
WDR-0000187,CASE-00201,TXN-0001700,ACC-01221,25124,2026-01-09T09:45:00.000Z,ATM-052,11.120804,76.885047,SUCCESS,SYNTHETIC
WDR-0000188,CASE-00201,TXN-0001700,ACC-01221,22042,2026-01-09T10:56:00.000Z,ATM-001,13.104943,80.259324,SUCCESS,SYNTHETIC
WDR-0000189,CASE-00202,TXN-0001709,ACC-01235,7217,2026-01-09T11:49:00.000Z,ATM-063,17.474796,78.422678,SUCCESS,SYNTHETIC
WDR-0000190,CASE-00202,TXN-0001709,ACC-01235,6364,2026-01-09T12:00:00.000Z,ATM-115,13.036717,80.257717,SUCCESS,SYNTHETIC
WDR-0000191,CASE-00203,TXN-0001716,ACC-01247,44565,2026-01-09T13:20:00.000Z,ATM-074,12.953638,77.63555,SUCCESS,SYNTHETIC
WDR-0000192,CASE-00203,TXN-0001716,ACC-01247,58242,2026-01-09T14:44:00.000Z,ATM-102,16.580335,80.725652,SUCCESS,SYNTHETIC
WDR-0000193,CASE-00204,TXN-0001724,ACC-00409,42409,2026-01-10T17:00:00.000Z,ATM-085,13.099758,80.206391,SUCCESS,SYNTHETIC
WDR-0000194,CASE-00204,TXN-0001724,ACC-00409,61857,2026-01-10T18:00:00.000Z,ATM-063,17.474796,78.422678,SUCCESS,SYNTHETIC
WDR-0000195,CASE-00210,TXN-0001769,ACC-00421,56464,2026-01-09T18:30:00.000Z,ATM-031,12.997107,80.164185,SUCCESS,SYNTHETIC
WDR-0000196,CASE-00210,TXN-0001769,ACC-00421,52224,2026-01-09T19:14:00.000Z,ATM-032,12.940898,77.590579,SUCCESS,SYNTHETIC
WDR-0000197,CASE-00210,TXN-0001769,ACC-00421,52658,2026-01-09T20:04:00.000Z,ATM-075,17.362673,78.450647,SUCCESS,SYNTHETIC
WDR-0000198,CASE-00211,TXN-0001776,ACC-01351,13850,2026-01-09T19:40:00.000Z,ATM-042,16.467251,80.698471,SUCCESS,SYNTHETIC
WDR-0000199,CASE-00211,TXN-0001776,ACC-01351,13175,2026-01-09T19:59:00.000Z,ATM-065,18.450885,73.757144,SUCCESS,SYNTHETIC
WDR-0000200,CASE-00213,TXN-0001792,ACC-01377,36504,2026-01-09T21:32:00.000Z,ATM-064,11.039665,76.953433,SUCCESS,SYNTHETIC
WDR-0000201,CASE-00213,TXN-0001792,ACC-01377,30968,2026-01-09T22:40:00.000Z,ATM-065,18.450885,73.757144,SUCCESS,SYNTHETIC
WDR-0000202,CASE-00213,TXN-0001792,ACC-01377,35776,2026-01-09T23:00:00.000Z,ATM-052,11.120804,76.885047,SUCCESS,SYNTHETIC
WDR-0000203,CASE-00216,TXN-0001815,ACC-00016,47544,2026-01-10T00:46:00.000Z,ATM-097,13.136297,80.17248,SUCCESS,SYNTHETIC
WDR-0000204,CASE-00216,TXN-0001815,ACC-00016,36959,2026-01-10T01:39:00.000Z,ATM-007,13.136762,80.22824,SUCCESS,SYNTHETIC
WDR-0000205,CASE-00217,TXN-0001827,ACC-00030,27700,2026-01-10T05:02:00.000Z,ATM-108,16.429551,80.618465,SUCCESS,SYNTHETIC
WDR-0000206,CASE-00217,TXN-0001827,ACC-00030,24234,2026-01-10T05:31:00.000Z,ATM-109,12.977093,80.179511,SUCCESS,SYNTHETIC
WDR-0000207,CASE-00217,TXN-0001827,ACC-00030,34377,2026-01-10T06:13:00.000Z,ATM-048,16.549479,80.606927,SUCCESS,SYNTHETIC
WDR-0000208,CASE-00219,TXN-0001844,ACC-00055,15518,2026-01-12T06:00:00.000Z,ATM-010,10.907645,76.949372,SUCCESS,SYNTHETIC
WDR-0000209,CASE-00219,TXN-0001844,ACC-00055,14950,2026-01-12T07:15:00.000Z,ATM-034,10.923868,77.004112,SUCCESS,SYNTHETIC
WDR-0000210,CASE-00221,TXN-0001861,ACC-00081,9249,2026-01-10T05:30:00.000Z,ATM-032,12.940898,77.590579,SUCCESS,SYNTHETIC
WDR-0000211,CASE-00221,TXN-0001861,ACC-00081,11556,2026-01-10T06:09:00.000Z,ATM-026,12.878033,77.629769,SUCCESS,SYNTHETIC
WDR-0000212,CASE-00222,TXN-0001870,ACC-00096,37925,2026-01-10T12:13:00.000Z,ATM-043,13.037646,80.259648,SUCCESS,SYNTHETIC
WDR-0000213,CASE-00222,TXN-0001870,ACC-00096,40209,2026-01-10T13:20:00.000Z,ATM-044,13.047088,77.637514,SUCCESS,SYNTHETIC
WDR-0000214,CASE-00222,TXN-0001870,ACC-00096,44291,2026-01-10T13:55:00.000Z,ATM-044,13.047088,77.637514,SUCCESS,SYNTHETIC
WDR-0000215,CASE-00226,TXN-0001903,ACC-00146,45513,2026-01-10T10:10:00.000Z,ATM-087,17.431651,78.577478,SUCCESS,SYNTHETIC
WDR-0000216,CASE-00226,TXN-0001903,ACC-00146,58946,2026-01-10T10:20:00.000Z,ATM-020,12.984052,77.61588,SUCCESS,SYNTHETIC
WDR-0000217,CASE-00227,TXN-0001914,ACC-00160,18781,2026-01-10T17:04:00.000Z,ATM-098,12.876855,77.521846,SUCCESS,SYNTHETIC
WDR-0000218,CASE-00227,TXN-0001914,ACC-00160,16945,2026-01-10T17:41:00.000Z,ATM-078,16.5164,80.667646,SUCCESS,SYNTHETIC
WDR-0000219,CASE-00228,TXN-0001921,ACC-00172,9024,2026-01-10T14:41:00.000Z,ATM-109,12.977093,80.179511,SUCCESS,SYNTHETIC
WDR-0000220,CASE-00228,TXN-0001921,ACC-00172,9802,2026-01-10T15:29:00.000Z,ATM-110,13.004084,77.6444,SUCCESS,SYNTHETIC
WDR-0000221,CASE-00228,TXN-0001921,ACC-00172,7890,2026-01-10T15:48:00.000Z,ATM-037,13.08717,80.341516,SUCCESS,SYNTHETIC
WDR-0000222,CASE-00229,TXN-0001928,ACC-00185,15699,2026-01-13T08:00:00.000Z,ATM-120,16.499386,80.638993,SUCCESS,SYNTHETIC
WDR-0000223,CASE-00229,TXN-0001928,ACC-00185,21087,2026-01-13T08:35:00.000Z,ATM-001,13.104943,80.259324,SUCCESS,SYNTHETIC
WDR-0000224,CASE-00229,TXN-0001928,ACC-00185,18297,2026-01-13T08:47:00.000Z,ATM-051,17.455829,78.405295,SUCCESS,SYNTHETIC
WDR-0000225,CASE-00231,TXN-0001946,ACC-00211,20347,2026-01-10T15:11:00.000Z,ATM-022,10.952892,76.912599,SUCCESS,SYNTHETIC
WDR-0000226,CASE-00231,TXN-0001946,ACC-00211,19833,2026-01-10T15:58:00.000Z,ATM-083,18.479529,73.774181,SUCCESS,SYNTHETIC
WDR-0000227,CASE-00233,TXN-0001961,ACC-00237,18817,2026-01-10T17:59:00.000Z,ATM-044,13.047088,77.637514,SUCCESS,SYNTHETIC
WDR-0000228,CASE-00233,TXN-0001961,ACC-00237,17360,2026-01-10T19:25:00.000Z,ATM-072,16.519612,80.602351,SUCCESS,SYNTHETIC
WDR-0000229,CASE-00237,TXN-0001992,ACC-00290,41741,2026-01-10T23:58:00.000Z,ATM-088,11.085374,76.94246,SUCCESS,SYNTHETIC
WDR-0000230,CASE-00237,TXN-0001992,ACC-00290,39956,2026-01-11T00:37:00.000Z,ATM-106,11.113057,76.983507,SUCCESS,SYNTHETIC
WDR-0000231,CASE-00238,TXN-0001999,ACC-00302,15787,2026-01-10T22:45:00.000Z,ATM-099,17.386439,78.525565,SUCCESS,SYNTHETIC
WDR-0000232,CASE-00238,TXN-0001999,ACC-00302,21146,2026-01-10T23:42:00.000Z,ATM-107,18.482853,73.932527,SUCCESS,SYNTHETIC
WDR-0000233,CASE-00243,TXN-0002038,ACC-00367,47179,2026-01-11T05:18:00.000Z,ATM-034,10.923868,77.004112,SUCCESS,SYNTHETIC
WDR-0000234,CASE-00243,TXN-0002038,ACC-00367,59146,2026-01-11T06:28:00.000Z,ATM-035,18.616071,73.807915,SUCCESS,SYNTHETIC
WDR-0000235,CASE-00243,TXN-0002038,ACC-00367,55419,2026-01-11T07:28:00.000Z,ATM-022,10.952892,76.912599,FAILED,SYNTHETIC
WDR-0000236,CASE-00244,TXN-0002044,ACC-00489,22379,2026-01-12T07:00:00.000Z,ATM-045,17.493683,78.572544,SUCCESS,SYNTHETIC
WDR-0000237,CASE-00244,TXN-0002044,ACC-00489,22720,2026-01-12T07:33:00.000Z,ATM-022,10.952892,76.912599,SUCCESS,SYNTHETIC
WDR-0000238,CASE-00245,TXN-0002055,ACC-00393,47783,2026-01-11T07:13:00.000Z,ATM-056,12.935505,77.53013,SUCCESS,SYNTHETIC
WDR-0000239,CASE-00245,TXN-0002055,ACC-00393,38962,2026-01-11T08:29:00.000Z,ATM-009,17.426055,78.511037,SUCCESS,SYNTHETIC
WDR-0000240,CASE-00247,TXN-0002074,ACC-00421,25465,2026-01-11T12:52:00.000Z,ATM-078,16.5164,80.667646,SUCCESS,SYNTHETIC
WDR-0000241,CASE-00247,TXN-0002074,ACC-00421,30798,2026-01-11T13:07:00.000Z,ATM-007,13.136762,80.22824,SUCCESS,SYNTHETIC
WDR-0000242,CASE-00253,TXN-0002131,ACC-00497,40817,2026-01-11T14:21:00.000Z,ATM-024,16.507959,80.582922,SUCCESS,SYNTHETIC
WDR-0000243,CASE-00253,TXN-0002131,ACC-00497,52873,2026-01-11T15:28:00.000Z,ATM-092,12.893851,77.620724,SUCCESS,SYNTHETIC
WDR-0000244,CASE-00254,TXN-0002139,ACC-00510,55612,2026-01-14T08:00:00.000Z,ATM-035,18.616071,73.807915,SUCCESS,SYNTHETIC
WDR-0000245,CASE-00254,TXN-0002139,ACC-00510,41142,2026-01-14T08:52:00.000Z,ATM-036,16.551649,80.577517,SUCCESS,SYNTHETIC
WDR-0000246,CASE-00254,TXN-0002139,ACC-00510,39191,2026-01-14T09:44:00.000Z,ATM-043,13.037646,80.259648,SUCCESS,SYNTHETIC
WDR-0000247,CASE-00260,TXN-0002191,ACC-00521,20856,2026-01-11T20:34:00.000Z,ATM-101,18.589915,73.885655,SUCCESS,SYNTHETIC
WDR-0000248,CASE-00260,TXN-0002191,ACC-00521,21312,2026-01-11T21:07:00.000Z,ATM-076,11.103841,76.91781,SUCCESS,SYNTHETIC
WDR-0000249,CASE-00261,TXN-0002201,ACC-00601,14136,2026-01-11T21:41:00.000Z,ATM-112,11.009374,77.001445,SUCCESS,SYNTHETIC
WDR-0000250,CASE-00261,TXN-0002201,ACC-00601,14929,2026-01-11T22:13:00.000Z,ATM-047,18.475504,73.768893,SUCCESS,SYNTHETIC
WDR-0000251,CASE-00263,TXN-0002217,ACC-00627,5651,2026-01-12T00:16:00.000Z,ATM-014,12.902452,77.65698,SUCCESS,SYNTHETIC
WDR-0000252,CASE-00263,TXN-0002217,ACC-00627,6768,2026-01-12T01:25:00.000Z,ATM-042,16.467251,80.698471,SUCCESS,SYNTHETIC
WDR-0000253,CASE-00264,TXN-0002226,ACC-00640,19969,2026-01-13T10:00:00.000Z,ATM-025,13.035226,80.225158,SUCCESS,SYNTHETIC
WDR-0000254,CASE-00264,TXN-0002226,ACC-00640,15519,2026-01-13T10:52:00.000Z,ATM-053,18.566475,73.900632,SUCCESS,SYNTHETIC
WDR-0000255,CASE-00265,TXN-0002234,ACC-00653,22686,2026-01-12T03:58:00.000Z,ATM-036,16.551649,80.577517,SUCCESS,SYNTHETIC
WDR-0000256,CASE-00265,TXN-0002234,ACC-00653,28433,2026-01-12T04:19:00.000Z,ATM-037,13.08717,80.341516,SUCCESS,SYNTHETIC
WDR-0000257,CASE-00265,TXN-0002234,ACC-00653,28092,2026-01-12T05:34:00.000Z,ATM-071,18.446451,73.784283,SUCCESS,SYNTHETIC
WDR-0000258,CASE-00266,TXN-0002245,ACC-00666,20694,2026-01-12T02:34:00.000Z,ATM-047,18.475504,73.768893,SUCCESS,SYNTHETIC
WDR-0000259,CASE-00266,TXN-0002245,ACC-00666,17714,2026-01-12T02:47:00.000Z,ATM-026,12.878033,77.629769,SUCCESS,SYNTHETIC
WDR-0000260,CASE-00267,TXN-0002253,ACC-00680,25546,2026-01-12T06:13:00.000Z,ATM-058,10.978603,77.020134,SUCCESS,SYNTHETIC
WDR-0000261,CASE-00267,TXN-0002253,ACC-00680,21686,2026-01-12T07:29:00.000Z,ATM-057,17.413359,78.571813,SUCCESS,SYNTHETIC
WDR-0000262,CASE-00268,TXN-0002264,ACC-00692,43161,2026-01-12T06:43:00.000Z,ATM-069,17.323597,78.595274,SUCCESS,SYNTHETIC
WDR-0000263,CASE-00268,TXN-0002264,ACC-00692,35991,2026-01-12T07:11:00.000Z,ATM-077,18.519358,73.881091,SUCCESS,SYNTHETIC
WDR-0000264,CASE-00269,TXN-0002273,ACC-00539,28296,2026-01-13T03:00:00.000Z,ATM-080,12.927332,77.555124,SUCCESS,SYNTHETIC
WDR-0000265,CASE-00269,TXN-0002273,ACC-00539,31022,2026-01-13T03:31:00.000Z,ATM-081,17.422245,78.425296,SUCCESS,SYNTHETIC
WDR-0000266,CASE-00269,TXN-0002273,ACC-00539,31850,2026-01-13T03:54:00.000Z,ATM-072,16.519612,80.602351,FAILED,SYNTHETIC
WDR-0000267,CASE-00272,TXN-0002298,ACC-00746,33820,2026-01-12T15:23:00.000Z,ATM-113,18.442334,73.806782,SUCCESS,SYNTHETIC
WDR-0000268,CASE-00272,TXN-0002298,ACC-00746,38792,2026-01-12T15:47:00.000Z,ATM-114,16.42681,80.548489,SUCCESS,SYNTHETIC
WDR-0000269,CASE-00272,TXN-0002298,ACC-00746,37710,2026-01-12T17:03:00.000Z,ATM-118,10.949904,76.992399,SUCCESS,SYNTHETIC
WDR-0000270,CASE-00273,TXN-0002307,ACC-00757,36491,2026-01-12T12:28:00.000Z,ATM-004,10.96691,76.983244,SUCCESS,SYNTHETIC
WDR-0000271,CASE-00273,TXN-0002307,ACC-00757,47219,2026-01-12T13:45:00.000Z,ATM-112,11.009374,77.001445,SUCCESS,SYNTHETIC
WDR-0000272,CASE-00275,TXN-0002324,ACC-00551,45074,2026-01-12T11:18:00.000Z,ATM-026,12.878033,77.629769,FAILED,SYNTHETIC
WDR-0000273,CASE-00275,TXN-0002324,ACC-00551,45646,2026-01-12T11:42:00.000Z,ATM-098,12.876855,77.521846,SUCCESS,SYNTHETIC
WDR-0000274,CASE-00276,TXN-0002331,ACC-00796,17332,2026-01-12T12:44:00.000Z,ATM-037,13.08717,80.341516,SUCCESS,SYNTHETIC
WDR-0000275,CASE-00276,TXN-0002331,ACC-00796,15796,2026-01-12T13:55:00.000Z,ATM-012,16.526511,80.544938,SUCCESS,SYNTHETIC
WDR-0000276,CASE-00278,TXN-0002349,ACC-00822,52426,2026-01-12T14:37:00.000Z,ATM-059,18.496848,73.775606,SUCCESS,SYNTHETIC
WDR-0000277,CASE-00278,TXN-0002349,ACC-00822,42106,2026-01-12T15:48:00.000Z,ATM-027,17.424769,78.529179,SUCCESS,SYNTHETIC
WDR-0000278,CASE-00280,TXN-0002367,ACC-00848,21185,2026-01-12T18:17:00.000Z,ATM-081,17.422245,78.425296,SUCCESS,SYNTHETIC
WDR-0000279,CASE-00280,TXN-0002367,ACC-00848,30194,2026-01-12T19:13:00.000Z,ATM-082,10.944047,76.998697,SUCCESS,SYNTHETIC
WDR-0000280,CASE-00280,TXN-0002367,ACC-00848,30585,2026-01-12T19:38:00.000Z,ATM-082,10.944047,76.998697,SUCCESS,SYNTHETIC
WDR-0000281,CASE-00281,TXN-0002377,ACC-00861,20902,2026-01-12T17:21:00.000Z,ATM-092,12.893851,77.620724,SUCCESS,SYNTHETIC
WDR-0000282,CASE-00281,TXN-0002377,ACC-00861,18335,2026-01-12T18:20:00.000Z,ATM-021,17.328938,78.518753,SUCCESS,SYNTHETIC
WDR-0000283,CASE-00283,TXN-0002395,ACC-00887,7313,2026-01-12T21:14:00.000Z,ATM-114,16.42681,80.548489,SUCCESS,SYNTHETIC
WDR-0000284,CASE-00283,TXN-0002395,ACC-00887,6705,2026-01-12T22:39:00.000Z,ATM-115,13.036717,80.257717,SUCCESS,SYNTHETIC
WDR-0000285,CASE-00283,TXN-0002395,ACC-00887,5862,2026-01-12T23:47:00.000Z,ATM-062,13.001358,77.677303,FAILED,SYNTHETIC
WDR-0000286,CASE-00284,TXN-0002405,ACC-00900,20515,2026-01-15T16:00:00.000Z,ATM-005,18.600804,73.85061,SUCCESS,SYNTHETIC
WDR-0000287,CASE-00284,TXN-0002405,ACC-00900,18788,2026-01-15T16:54:00.000Z,ATM-030,16.603505,80.568206,SUCCESS,SYNTHETIC
WDR-0000288,CASE-00287,TXN-0002431,ACC-00941,30734,2026-01-13T02:33:00.000Z,ATM-038,12.88813,77.70364,FAILED,SYNTHETIC
WDR-0000289,CASE-00287,TXN-0002431,ACC-00941,37466,2026-01-13T03:21:00.000Z,ATM-020,12.984052,77.61588,SUCCESS,SYNTHETIC
WDR-0000290,CASE-00288,TXN-0002438,ACC-00952,41943,2026-01-13T02:13:00.000Z,ATM-049,13.145607,80.359751,SUCCESS,SYNTHETIC
WDR-0000291,CASE-00288,TXN-0002438,ACC-00952,30515,2026-01-13T02:59:00.000Z,ATM-097,13.136297,80.17248,SUCCESS,SYNTHETIC
WDR-0000292,CASE-00294,TXN-0002491,ACC-01030,32575,2026-01-14T14:00:00.000Z,ATM-115,13.036717,80.257717,FAILED,SYNTHETIC
WDR-0000293,CASE-00294,TXN-0002491,ACC-01030,38972,2026-01-14T14:12:00.000Z,ATM-063,17.474796,78.422678,SUCCESS,SYNTHETIC
WDR-0000294,CASE-00295,TXN-0002498,ACC-01043,46637,2026-01-13T08:00:00.000Z,ATM-006,16.451183,80.732053,SUCCESS,SYNTHETIC
WDR-0000295,CASE-00295,TXN-0002498,ACC-01043,50762,2026-01-13T08:40:00.000Z,ATM-019,12.980937,80.172006,SUCCESS,SYNTHETIC
WDR-0000296,CASE-00296,TXN-0002507,ACC-01056,20792,2026-01-13T08:31:00.000Z,ATM-017,18.517703,73.924685,SUCCESS,SYNTHETIC
WDR-0000297,CASE-00296,TXN-0002507,ACC-01056,19332,2026-01-13T09:14:00.000Z,ATM-038,12.88813,77.70364,FAILED,SYNTHETIC
WDR-0000298,CASE-00300,TXN-0002543,ACC-01108,25542,2026-01-13T13:12:00.000Z,ATM-061,12.974796,80.322933,SUCCESS,SYNTHETIC
WDR-0000299,CASE-00300,TXN-0002543,ACC-01108,32498,2026-01-13T14:20:00.000Z,ATM-062,13.001358,77.677303,SUCCESS,SYNTHETIC
WDR-0000300,CASE-00300,TXN-0002543,ACC-01108,28118,2026-01-13T15:31:00.000Z,ATM-025,13.035226,80.225158,FAILED,SYNTHETIC
WDR-0000301,CASE-00301,TXN-0002554,ACC-01121,4935,2026-01-13T13:44:00.000Z,ATM-072,16.519612,80.602351,SUCCESS,SYNTHETIC
WDR-0000302,CASE-00301,TXN-0002554,ACC-01121,6153,2026-01-13T13:54:00.000Z,ATM-104,12.959919,77.677844,SUCCESS,SYNTHETIC
WDR-0000303,CASE-00304,TXN-0002579,ACC-00609,11766,2026-01-14T20:00:00.000Z,ATM-105,17.424818,78.453535,FAILED,SYNTHETIC
WDR-0000304,CASE-00304,TXN-0002579,ACC-00609,10900,2026-01-14T20:42:00.000Z,ATM-064,11.039665,76.953433,SUCCESS,SYNTHETIC
WDR-0000305,CASE-00305,TXN-0002587,ACC-01173,15043,2026-01-13T18:23:00.000Z,ATM-116,12.986728,77.642202,SUCCESS,SYNTHETIC
WDR-0000306,CASE-00305,TXN-0002587,ACC-01173,17364,2026-01-13T19:07:00.000Z,ATM-001,13.104943,80.259324,SUCCESS,SYNTHETIC
WDR-0000307,CASE-00306,TXN-0002594,ACC-01186,22420,2026-01-13T18:21:00.000Z,ATM-007,13.136762,80.22824,SUCCESS,SYNTHETIC
WDR-0000308,CASE-00306,TXN-0002594,ACC-01186,24023,2026-01-13T19:19:00.000Z,ATM-069,17.323597,78.595274,SUCCESS,SYNTHETIC
WDR-0000309,CASE-00307,TXN-0002604,ACC-01200,16666,2026-01-13T21:09:00.000Z,ATM-018,16.466482,80.636977,SUCCESS,SYNTHETIC
WDR-0000310,CASE-00307,TXN-0002604,ACC-01200,18509,2026-01-13T21:53:00.000Z,ATM-019,12.980937,80.172006,SUCCESS,SYNTHETIC
WDR-0000311,CASE-00307,TXN-0002604,ACC-01200,19425,2026-01-13T22:25:00.000Z,ATM-038,12.88813,77.70364,SUCCESS,SYNTHETIC
WDR-0000312,CASE-00308,TXN-0002614,ACC-01212,33011,2026-01-13T21:14:00.000Z,ATM-029,18.618022,73.84155,SUCCESS,SYNTHETIC
WDR-0000313,CASE-00308,TXN-0002614,ACC-01212,28432,2026-01-13T22:32:00.000Z,ATM-117,17.449586,78.549354,SUCCESS,SYNTHETIC
WDR-0000314,CASE-00309,TXN-0002621,ACC-00619,28385,2026-01-15T08:00:00.000Z,ATM-040,11.002278,76.97306,SUCCESS,SYNTHETIC
WDR-0000315,CASE-00309,TXN-0002621,ACC-00619,37114,2026-01-15T09:13:00.000Z,ATM-048,16.549479,80.606927,SUCCESS,SYNTHETIC
WDR-0000316,CASE-00312,TXN-0002649,ACC-01265,34269,2026-01-14T04:29:00.000Z,ATM-073,13.059524,80.25627,SUCCESS,SYNTHETIC
WDR-0000317,CASE-00312,TXN-0002649,ACC-01265,33436,2026-01-14T05:00:00.000Z,ATM-074,12.953638,77.63555,FAILED,SYNTHETIC
WDR-0000318,CASE-00312,TXN-0002649,ACC-01265,38783,2026-01-14T06:11:00.000Z,ATM-113,18.442334,73.806782,SUCCESS,SYNTHETIC
WDR-0000319,CASE-00315,TXN-0002674,ACC-01303,17261,2026-01-14T06:12:00.000Z,ATM-106,11.113057,76.983507,FAILED,SYNTHETIC
WDR-0000320,CASE-00315,TXN-0002674,ACC-01303,15196,2026-01-14T07:27:00.000Z,ATM-039,17.398816,78.578246,SUCCESS,SYNTHETIC
WDR-0000321,CASE-00317,TXN-0002696,ACC-01331,15652,2026-01-14T09:53:00.000Z,ATM-008,12.904996,77.59476,SUCCESS,SYNTHETIC
WDR-0000322,CASE-00317,TXN-0002696,ACC-01331,12539,2026-01-14T10:40:00.000Z,ATM-049,13.145607,80.359751,SUCCESS,SYNTHETIC
WDR-0000323,CASE-00319,TXN-0002712,ACC-01355,8762,2026-01-15T12:00:00.000Z,ATM-030,16.603505,80.568206,SUCCESS,SYNTHETIC
WDR-0000324,CASE-00319,TXN-0002712,ACC-01355,7964,2026-01-15T12:56:00.000Z,ATM-031,12.997107,80.164185,SUCCESS,SYNTHETIC
WDR-0000325,CASE-00319,TXN-0002712,ACC-01355,6982,2026-01-15T13:33:00.000Z,ATM-096,16.585286,80.723502,SUCCESS,SYNTHETIC
WDR-0000326,CASE-00327,TXN-0002786,ACC-00061,17764,2026-01-14T20:45:00.000Z,ATM-118,10.949904,76.992399,SUCCESS,SYNTHETIC
WDR-0000327,CASE-00327,TXN-0002786,ACC-00061,17228,2026-01-14T21:10:00.000Z,ATM-119,18.524317,73.84428,SUCCESS,SYNTHETIC
WDR-0000328,CASE-00327,TXN-0002786,ACC-00061,15813,2026-01-14T21:56:00.000Z,ATM-032,12.940898,77.590579,SUCCESS,SYNTHETIC
WDR-0000329,CASE-00330,TXN-0002813,ACC-00098,28553,2026-01-14T20:05:00.000Z,ATM-031,12.997107,80.164185,SUCCESS,SYNTHETIC
WDR-0000330,CASE-00330,TXN-0002813,ACC-00098,26114,2026-01-14T20:32:00.000Z,ATM-041,18.484532,73.877873,SUCCESS,SYNTHETIC
WDR-0000331,CASE-00331,TXN-0002822,ACC-00111,6756,2026-01-14T19:33:00.000Z,ATM-042,16.467251,80.698471,SUCCESS,SYNTHETIC
WDR-0000332,CASE-00331,TXN-0002822,ACC-00111,7618,2026-01-14T20:59:00.000Z,ATM-030,16.603505,80.568206,SUCCESS,SYNTHETIC
WDR-0000333,CASE-00332,TXN-0002835,ACC-00126,32083,2026-01-14T23:44:00.000Z,ATM-053,18.566475,73.900632,SUCCESS,SYNTHETIC
WDR-0000334,CASE-00332,TXN-0002835,ACC-00126,40704,2026-01-15T00:23:00.000Z,ATM-054,16.4453,80.62883,SUCCESS,SYNTHETIC
WDR-0000335,CASE-00332,TXN-0002835,ACC-00126,40762,2026-01-15T01:14:00.000Z,ATM-094,10.992522,76.965846,SUCCESS,SYNTHETIC
WDR-0000336,CASE-00334,TXN-0002850,ACC-00150,8065,2026-01-18T04:00:00.000Z,ATM-075,17.362673,78.450647,SUCCESS,SYNTHETIC
WDR-0000337,CASE-00334,TXN-0002850,ACC-00150,7260,2026-01-18T05:26:00.000Z,ATM-074,12.953638,77.63555,SUCCESS,SYNTHETIC
WDR-0000338,CASE-00335,TXN-0002857,ACC-00163,32128,2026-01-15T01:23:00.000Z,ATM-086,12.967538,77.568185,SUCCESS,SYNTHETIC
WDR-0000339,CASE-00335,TXN-0002857,ACC-00163,40172,2026-01-15T02:52:00.000Z,ATM-109,12.977093,80.179511,SUCCESS,SYNTHETIC
WDR-0000340,CASE-00336,TXN-0002865,ACC-00176,45950,2026-01-15T00:35:00.000Z,ATM-097,13.136297,80.17248,SUCCESS,SYNTHETIC
WDR-0000341,CASE-00336,TXN-0002865,ACC-00176,53110,2026-01-15T00:52:00.000Z,ATM-027,17.424769,78.529179,SUCCESS,SYNTHETIC
WDR-0000342,CASE-00339,TXN-0002890,ACC-00215,32535,2026-01-17T18:00:00.000Z,ATM-010,10.907645,76.949372,SUCCESS,SYNTHETIC
WDR-0000343,CASE-00339,TXN-0002890,ACC-00215,46383,2026-01-17T18:23:00.000Z,ATM-063,17.474796,78.422678,SUCCESS,SYNTHETIC
WDR-0000344,CASE-00349,TXN-0002966,ACC-00699,28778,2026-01-16T03:00:00.000Z,ATM-120,16.499386,80.638993,SUCCESS,SYNTHETIC
WDR-0000345,CASE-00349,TXN-0002966,ACC-00699,32591,2026-01-16T03:55:00.000Z,ATM-001,13.104943,80.259324,SUCCESS,SYNTHETIC
WDR-0000346,CASE-00349,TXN-0002966,ACC-00699,21599,2026-01-16T04:22:00.000Z,ATM-069,17.323597,78.595274,SUCCESS,SYNTHETIC
WDR-0000347,CASE-00351,TXN-0002980,ACC-00371,38566,2026-01-15T15:51:00.000Z,ATM-022,10.952892,76.912599,SUCCESS,SYNTHETIC
WDR-0000348,CASE-00351,TXN-0002980,ACC-00371,40653,2026-01-15T17:13:00.000Z,ATM-023,18.572897,73.935616,SUCCESS,SYNTHETIC
WDR-0000349,CASE-00351,TXN-0002980,ACC-00371,46881,2026-01-15T18:02:00.000Z,ATM-069,17.323597,78.595274,SUCCESS,SYNTHETIC
WDR-0000350,CASE-00352,TXN-0002989,ACC-00386,47344,2026-01-15T20:37:00.000Z,ATM-033,17.409623,78.574603,SUCCESS,SYNTHETIC
WDR-0000351,CASE-00352,TXN-0002989,ACC-00386,40568,2026-01-15T21:00:00.000Z,ATM-047,18.475504,73.768893,SUCCESS,SYNTHETIC
WDR-0000352,CASE-00353,TXN-0002996,ACC-00397,16283,2026-01-15T18:40:00.000Z,ATM-044,13.047088,77.637514,SUCCESS,SYNTHETIC
WDR-0000353,CASE-00353,TXN-0002996,ACC-00397,13732,2026-01-15T19:20:00.000Z,ATM-072,16.519612,80.602351,SUCCESS,SYNTHETIC
WDR-0000354,CASE-00354,TXN-0003006,ACC-00709,7244,2026-01-17T04:00:00.000Z,ATM-055,13.008656,80.304727,SUCCESS,SYNTHETIC
WDR-0000355,CASE-00354,TXN-0003006,ACC-00709,6653,2026-01-17T05:16:00.000Z,ATM-106,11.113057,76.983507,SUCCESS,SYNTHETIC
WDR-0000356,CASE-00361,TXN-0003061,ACC-00501,61190,2026-01-16T01:55:00.000Z,ATM-012,16.526511,80.544938,SUCCESS,SYNTHETIC
WDR-0000357,CASE-00361,TXN-0003061,ACC-00501,52542,2026-01-16T02:16:00.000Z,ATM-062,13.001358,77.677303,SUCCESS,SYNTHETIC
WDR-0000358,CASE-00362,TXN-0003071,ACC-00515,26524,2026-01-16T04:14:00.000Z,ATM-023,18.572897,73.935616,FAILED,SYNTHETIC
WDR-0000359,CASE-00362,TXN-0003071,ACC-00515,34621,2026-01-16T04:29:00.000Z,ATM-024,16.507959,80.582922,SUCCESS,SYNTHETIC
WDR-0000360,CASE-00362,TXN-0003071,ACC-00515,33638,2026-01-16T05:25:00.000Z,ATM-013,13.03143,80.174292,SUCCESS,SYNTHETIC
WDR-0000361,CASE-00363,TXN-0003078,ACC-00527,39991,2026-01-16T05:33:00.000Z,ATM-034,10.923868,77.004112,SUCCESS,SYNTHETIC
WDR-0000362,CASE-00363,TXN-0003078,ACC-00527,49746,2026-01-16T07:02:00.000Z,ATM-022,10.952892,76.912599,SUCCESS,SYNTHETIC
WDR-0000363,CASE-00367,TXN-0003112,ACC-00580,5540,2026-01-16T09:10:00.000Z,ATM-078,16.5164,80.667646,SUCCESS,SYNTHETIC
WDR-0000364,CASE-00367,TXN-0003112,ACC-00580,5136,2026-01-16T10:04:00.000Z,ATM-025,13.035226,80.225158,SUCCESS,SYNTHETIC
WDR-0000365,CASE-00368,TXN-0003123,ACC-00592,52474,2026-01-16T11:09:00.000Z,ATM-089,18.444311,73.937579,SUCCESS,SYNTHETIC
WDR-0000366,CASE-00368,TXN-0003123,ACC-00592,43830,2026-01-16T11:31:00.000Z,ATM-090,16.511849,80.722883,SUCCESS,SYNTHETIC
WDR-0000367,CASE-00368,TXN-0003123,ACC-00592,45443,2026-01-16T11:55:00.000Z,ATM-057,17.413359,78.571813,SUCCESS,SYNTHETIC
WDR-0000368,CASE-00371,TXN-0003147,ACC-00631,37955,2026-01-16T11:48:00.000Z,ATM-002,13.049142,77.631941,SUCCESS,SYNTHETIC
WDR-0000369,CASE-00371,TXN-0003147,ACC-00631,36283,2026-01-16T13:13:00.000Z,ATM-060,16.586214,80.619336,SUCCESS,SYNTHETIC
WDR-0000370,CASE-00373,TXN-0003167,ACC-00657,36590,2026-01-16T14:50:00.000Z,ATM-024,16.507959,80.582922,SUCCESS,SYNTHETIC
WDR-0000371,CASE-00373,TXN-0003167,ACC-00657,37906,2026-01-16T15:50:00.000Z,ATM-025,13.035226,80.225158,SUCCESS,SYNTHETIC
WDR-0000372,CASE-00373,TXN-0003167,ACC-00657,36589,2026-01-16T17:06:00.000Z,ATM-092,12.893851,77.620724,SUCCESS,SYNTHETIC
WDR-0000373,CASE-00376,TXN-0003194,ACC-00696,12054,2026-01-16T16:17:00.000Z,ATM-057,17.413359,78.571813,SUCCESS,SYNTHETIC
WDR-0000374,CASE-00376,TXN-0003194,ACC-00696,9458,2026-01-16T16:38:00.000Z,ATM-058,10.978603,77.020134,SUCCESS,SYNTHETIC
WDR-0000375,CASE-00376,TXN-0003194,ACC-00696,11560,2026-01-16T17:40:00.000Z,ATM-005,18.600804,73.85061,FAILED,SYNTHETIC
WDR-0000376,CASE-00384,TXN-0003262,ACC-00769,29902,2026-01-18T18:00:00.000Z,ATM-025,13.035226,80.225158,SUCCESS,SYNTHETIC
WDR-0000377,CASE-00384,TXN-0003262,ACC-00769,36323,2026-01-18T19:11:00.000Z,ATM-120,16.499386,80.638993,SUCCESS,SYNTHETIC
WDR-0000378,CASE-00390,TXN-0003309,ACC-00781,42594,2026-01-17T06:44:00.000Z,ATM-091,13.169491,80.259723,SUCCESS,SYNTHETIC
WDR-0000379,CASE-00390,TXN-0003309,ACC-00781,52339,2026-01-17T06:54:00.000Z,ATM-047,18.475504,73.768893,SUCCESS,SYNTHETIC
WDR-0000380,CASE-00392,TXN-0003328,ACC-00906,40309,2026-01-17T10:59:00.000Z,ATM-113,18.442334,73.806782,SUCCESS,SYNTHETIC
WDR-0000381,CASE-00392,TXN-0003328,ACC-00906,34202,2026-01-17T11:32:00.000Z,ATM-114,16.42681,80.548489,SUCCESS,SYNTHETIC
WDR-0000382,CASE-00392,TXN-0003328,ACC-00906,40605,2026-01-17T12:51:00.000Z,ATM-077,18.519358,73.881091,FAILED,SYNTHETIC
WDR-0000383,CASE-00397,TXN-0003378,ACC-00971,30271,2026-01-17T16:53:00.000Z,ATM-048,16.549479,80.606927,SUCCESS,SYNTHETIC
WDR-0000384,CASE-00397,TXN-0003378,ACC-00971,34925,2026-01-17T18:11:00.000Z,ATM-044,13.047088,77.637514,SUCCESS,SYNTHETIC
WDR-0000385,CASE-00398,TXN-0003389,ACC-00982,41559,2026-01-17T14:56:00.000Z,ATM-059,18.496848,73.775606,SUCCESS,SYNTHETIC
WDR-0000386,CASE-00398,TXN-0003389,ACC-00982,45676,2026-01-17T15:32:00.000Z,ATM-027,17.424769,78.529179,SUCCESS,SYNTHETIC
WDR-0000387,CASE-00401,TXN-0003419,ACC-01021,45111,2026-01-17T17:46:00.000Z,ATM-092,12.893851,77.620724,SUCCESS,SYNTHETIC
WDR-0000388,CASE-00401,TXN-0003419,ACC-01021,48059,2026-01-17T18:17:00.000Z,ATM-093,17.45267,78.42255,SUCCESS,SYNTHETIC
WDR-0000389,CASE-00401,TXN-0003419,ACC-01021,47700,2026-01-17T18:31:00.000Z,ATM-078,16.5164,80.667646,SUCCESS,SYNTHETIC
WDR-0000390,CASE-00403,TXN-0003434,ACC-01047,34495,2026-01-17T21:29:00.000Z,ATM-114,16.42681,80.548489,SUCCESS,SYNTHETIC
WDR-0000391,CASE-00403,TXN-0003434,ACC-01047,28471,2026-01-17T22:35:00.000Z,ATM-115,13.036717,80.257717,SUCCESS,SYNTHETIC
WDR-0000392,CASE-00403,TXN-0003434,ACC-01047,41199,2026-01-17T22:54:00.000Z,ATM-062,13.001358,77.677303,SUCCESS,SYNTHETIC
WDR-0000393,CASE-00406,TXN-0003462,ACC-01086,23671,2026-01-17T22:23:00.000Z,ATM-027,17.424769,78.529179,SUCCESS,SYNTHETIC
WDR-0000394,CASE-00406,TXN-0003462,ACC-01086,28077,2026-01-17T22:43:00.000Z,ATM-078,16.5164,80.667646,SUCCESS,SYNTHETIC
WDR-0000395,CASE-00409,TXN-0003486,ACC-01125,47618,2026-01-19T13:00:00.000Z,ATM-060,16.586214,80.619336,FAILED,SYNTHETIC
WDR-0000396,CASE-00409,TXN-0003486,ACC-01125,41267,2026-01-19T13:25:00.000Z,ATM-062,13.001358,77.677303,SUCCESS,SYNTHETIC
WDR-0000397,CASE-00411,TXN-0003502,ACC-01151,24912,2026-01-18T03:37:00.000Z,ATM-082,10.944047,76.998697,SUCCESS,SYNTHETIC
WDR-0000398,CASE-00411,TXN-0003502,ACC-01151,19428,2026-01-18T04:57:00.000Z,ATM-083,18.479529,73.774181,FAILED,SYNTHETIC
WDR-0000399,CASE-00412,TXN-0003511,ACC-01166,15764,2026-01-18T09:54:00.000Z,ATM-093,17.45267,78.42255,SUCCESS,SYNTHETIC
WDR-0000400,CASE-00412,TXN-0003511,ACC-01166,16708,2026-01-18T10:45:00.000Z,ATM-094,10.992522,76.965846,SUCCESS,SYNTHETIC
WDR-0000401,CASE-00412,TXN-0003511,ACC-01166,21437,2026-01-18T11:26:00.000Z,ATM-056,12.935505,77.53013,SUCCESS,SYNTHETIC
WDR-0000402,CASE-00414,TXN-0003530,ACC-00829,29840,2026-01-18T18:00:00.000Z,ATM-115,13.036717,80.257717,FAILED,SYNTHETIC
WDR-0000403,CASE-00414,TXN-0003530,ACC-00829,23790,2026-01-18T18:53:00.000Z,ATM-116,12.986728,77.642202,SUCCESS,SYNTHETIC
WDR-0000404,CASE-00414,TXN-0003530,ACC-00829,26362,2026-01-18T20:13:00.000Z,ATM-053,18.566475,73.900632,SUCCESS,SYNTHETIC
WDR-0000405,CASE-00417,TXN-0003559,ACC-01231,17498,2026-01-18T15:50:00.000Z,ATM-028,11.110925,76.865153,SUCCESS,SYNTHETIC
WDR-0000406,CASE-00417,TXN-0003559,ACC-01231,20102,2026-01-18T16:25:00.000Z,ATM-018,16.466482,80.636977,SUCCESS,SYNTHETIC
WDR-0000407,CASE-00418,TXN-0003570,ACC-01242,9787,2026-01-18T12:54:00.000Z,ATM-039,17.398816,78.578246,SUCCESS,SYNTHETIC
WDR-0000408,CASE-00418,TXN-0003570,ACC-01242,6796,2026-01-18T13:31:00.000Z,ATM-047,18.475504,73.768893,SUCCESS,SYNTHETIC
WDR-0000409,CASE-00419,TXN-0003577,ACC-00839,32334,2026-01-19T04:00:00.000Z,ATM-050,12.882201,77.589186,SUCCESS,SYNTHETIC
WDR-0000410,CASE-00419,TXN-0003577,ACC-00839,22825,2026-01-19T04:53:00.000Z,ATM-058,10.978603,77.020134,SUCCESS,SYNTHETIC
WDR-0000411,CASE-00420,TXN-0003586,ACC-00841,17374,2026-01-18T12:29:00.000Z,ATM-061,12.974796,80.322933,SUCCESS,SYNTHETIC
WDR-0000412,CASE-00420,TXN-0003586,ACC-00841,24726,2026-01-18T13:14:00.000Z,ATM-081,17.422245,78.425296,FAILED,SYNTHETIC
WDR-0000413,CASE-00427,TXN-0003644,ACC-01361,5598,2026-01-19T00:42:00.000Z,ATM-018,16.466482,80.636977,SUCCESS,SYNTHETIC
WDR-0000414,CASE-00427,TXN-0003644,ACC-01361,5440,2026-01-19T01:02:00.000Z,ATM-084,16.465235,80.547331,SUCCESS,SYNTHETIC
WDR-0000415,CASE-00431,TXN-0003673,ACC-00011,27902,2026-01-18T23:33:00.000Z,ATM-062,13.001358,77.677303,SUCCESS,SYNTHETIC
WDR-0000416,CASE-00431,TXN-0003673,ACC-00011,34942,2026-01-19T00:43:00.000Z,ATM-063,17.474796,78.422678,SUCCESS,SYNTHETIC
WDR-0000417,CASE-00431,TXN-0003673,ACC-00011,26801,2026-01-19T01:14:00.000Z,ATM-017,18.517703,73.924685,SUCCESS,SYNTHETIC
WDR-0000418,CASE-00432,TXN-0003682,ACC-00026,35175,2026-01-19T05:36:00.000Z,ATM-073,13.059524,80.25627,SUCCESS,SYNTHETIC
WDR-0000419,CASE-00432,TXN-0003682,ACC-00026,28184,2026-01-19T06:39:00.000Z,ATM-074,12.953638,77.63555,SUCCESS,SYNTHETIC
WDR-0000420,CASE-00432,TXN-0003682,ACC-00026,25536,2026-01-19T07:13:00.000Z,ATM-100,11.074176,77.06392,FAILED,SYNTHETIC
WDR-0000421,CASE-00433,TXN-0003693,ACC-00037,15030,2026-01-19T02:44:00.000Z,ATM-084,16.465235,80.547331,SUCCESS,SYNTHETIC
WDR-0000422,CASE-00433,TXN-0003693,ACC-00037,19398,2026-01-19T03:01:00.000Z,ATM-085,13.099758,80.206391,SUCCESS,SYNTHETIC
WDR-0000423,CASE-00433,TXN-0003693,ACC-00037,14441,2026-01-19T03:38:00.000Z,ATM-032,12.940898,77.590579,SUCCESS,SYNTHETIC
WDR-0000424,CASE-00434,TXN-0003700,ACC-00869,44990,2026-01-20T05:00:00.000Z,ATM-095,18.626988,73.85494,SUCCESS,SYNTHETIC
WDR-0000425,CASE-00434,TXN-0003700,ACC-00869,36674,2026-01-20T06:13:00.000Z,ATM-010,10.907645,76.949372,SUCCESS,SYNTHETIC
WDR-0000426,CASE-00435,TXN-0003710,ACC-00063,53136,2026-01-19T04:01:00.000Z,ATM-106,11.113057,76.983507,SUCCESS,SYNTHETIC
WDR-0000427,CASE-00435,TXN-0003710,ACC-00063,44907,2026-01-19T05:12:00.000Z,ATM-119,18.524317,73.84428,SUCCESS,SYNTHETIC
WDR-0000428,CASE-00436,TXN-0003718,ACC-00076,7056,2026-01-19T04:53:00.000Z,ATM-117,17.449586,78.549354,SUCCESS,SYNTHETIC
WDR-0000429,CASE-00436,TXN-0003718,ACC-00076,7115,2026-01-19T05:28:00.000Z,ATM-043,13.037646,80.259648,SUCCESS,SYNTHETIC
WDR-0000430,CASE-00440,TXN-0003752,ACC-00128,30633,2026-01-19T10:42:00.000Z,ATM-041,18.484532,73.877873,SUCCESS,SYNTHETIC
WDR-0000431,CASE-00440,TXN-0003752,ACC-00128,36698,2026-01-19T11:16:00.000Z,ATM-024,16.507959,80.582922,SUCCESS,SYNTHETIC
WDR-0000432,CASE-00442,TXN-0003773,ACC-00156,9215,2026-01-19T14:08:00.000Z,ATM-063,17.474796,78.422678,SUCCESS,SYNTHETIC
WDR-0000433,CASE-00442,TXN-0003773,ACC-00156,8264,2026-01-19T14:48:00.000Z,ATM-064,11.039665,76.953433,SUCCESS,SYNTHETIC
WDR-0000434,CASE-00442,TXN-0003773,ACC-00156,9004,2026-01-19T15:36:00.000Z,ATM-034,10.923868,77.004112,SUCCESS,SYNTHETIC
WDR-0000435,CASE-00443,TXN-0003784,ACC-00167,19066,2026-01-19T13:31:00.000Z,ATM-074,12.953638,77.63555,SUCCESS,SYNTHETIC
WDR-0000436,CASE-00443,TXN-0003784,ACC-00167,19313,2026-01-19T14:04:00.000Z,ATM-102,16.580335,80.725652,SUCCESS,SYNTHETIC
WDR-0000437,CASE-00444,TXN-0003794,ACC-00180,13332,2026-01-21T16:00:00.000Z,ATM-085,13.099758,80.206391,SUCCESS,SYNTHETIC
WDR-0000438,CASE-00444,TXN-0003794,ACC-00180,14178,2026-01-21T16:22:00.000Z,ATM-081,17.422245,78.425296,SUCCESS,SYNTHETIC
WDR-0000439,CASE-00445,TXN-0003805,ACC-00193,37877,2026-01-19T15:21:00.000Z,ATM-096,16.585286,80.723502,SUCCESS,SYNTHETIC
WDR-0000440,CASE-00445,TXN-0003805,ACC-00193,40066,2026-01-19T16:36:00.000Z,ATM-040,11.002278,76.97306,SUCCESS,SYNTHETIC
WDR-0000441,CASE-00446,TXN-0003813,ACC-00206,43690,2026-01-19T14:14:00.000Z,ATM-107,18.482853,73.932527,SUCCESS,SYNTHETIC
WDR-0000442,CASE-00446,TXN-0003813,ACC-00206,55521,2026-01-19T14:45:00.000Z,ATM-108,16.429551,80.618465,SUCCESS,SYNTHETIC
WDR-0000443,CASE-00446,TXN-0003813,ACC-00206,57247,2026-01-19T15:42:00.000Z,ATM-030,16.603505,80.568206,SUCCESS,SYNTHETIC
WDR-0000444,CASE-00448,TXN-0003830,ACC-00232,53631,2026-01-19T18:57:00.000Z,ATM-009,17.426055,78.511037,SUCCESS,SYNTHETIC
WDR-0000445,CASE-00448,TXN-0003830,ACC-00232,38688,2026-01-19T19:21:00.000Z,ATM-017,18.517703,73.924685,SUCCESS,SYNTHETIC
WDR-0000446,CASE-00452,TXN-0003869,ACC-00286,9534,2026-01-20T01:50:00.000Z,ATM-053,18.566475,73.900632,SUCCESS,SYNTHETIC
WDR-0000447,CASE-00452,TXN-0003869,ACC-00286,8952,2026-01-20T02:13:00.000Z,ATM-115,13.036717,80.257717,SUCCESS,SYNTHETIC
WDR-0000448,CASE-00454,TXN-0003886,ACC-00909,56681,2026-01-21T15:00:00.000Z,ATM-075,17.362673,78.450647,SUCCESS,SYNTHETIC
WDR-0000449,CASE-00454,TXN-0003886,ACC-00909,41002,2026-01-21T15:56:00.000Z,ATM-076,11.103841,76.91781,SUCCESS,SYNTHETIC
WDR-0000450,CASE-00454,TXN-0003886,ACC-00909,43219,2026-01-21T17:08:00.000Z,ATM-002,13.049142,77.631941,SUCCESS,SYNTHETIC
WDR-0000451,CASE-00459,TXN-0003927,ACC-00375,12220,2026-01-22T03:00:00.000Z,ATM-010,10.907645,76.949372,SUCCESS,SYNTHETIC
WDR-0000452,CASE-00459,TXN-0003927,ACC-00375,8649,2026-01-22T03:54:00.000Z,ATM-082,10.944047,76.998697,SUCCESS,SYNTHETIC
WDR-0000453,CASE-00461,TXN-0003942,ACC-00401,21396,2026-01-20T05:41:00.000Z,ATM-032,12.940898,77.590579,SUCCESS,SYNTHETIC
WDR-0000454,CASE-00461,TXN-0003942,ACC-00401,19900,2026-01-20T06:44:00.000Z,ATM-033,17.409623,78.574603,FAILED,SYNTHETIC
WDR-0000455,CASE-00461,TXN-0003942,ACC-00401,16733,2026-01-20T07:26:00.000Z,ATM-084,16.465235,80.547331,SUCCESS,SYNTHETIC
WDR-0000456,CASE-00463,TXN-0003958,ACC-00427,43338,2026-01-20T09:44:00.000Z,ATM-054,16.4453,80.62883,SUCCESS,SYNTHETIC
WDR-0000457,CASE-00463,TXN-0003958,ACC-00427,46230,2026-01-20T11:01:00.000Z,ATM-055,13.008656,80.304727,SUCCESS,SYNTHETIC
WDR-0000458,CASE-00463,TXN-0003958,ACC-00427,50432,2026-01-20T11:18:00.000Z,ATM-002,13.049142,77.631941,SUCCESS,SYNTHETIC
WDR-0000459,CASE-00464,TXN-0003964,ACC-00929,60986,2026-01-21T22:00:00.000Z,ATM-065,18.450885,73.757144,SUCCESS,SYNTHETIC
WDR-0000460,CASE-00464,TXN-0003964,ACC-00929,49153,2026-01-21T23:24:00.000Z,ATM-088,11.085374,76.94246,SUCCESS,SYNTHETIC
WDR-0000461,CASE-00465,TXN-0003973,ACC-00453,14162,2026-01-20T12:05:00.000Z,ATM-076,11.103841,76.91781,SUCCESS,SYNTHETIC
WDR-0000462,CASE-00465,TXN-0003973,ACC-00453,10654,2026-01-20T12:34:00.000Z,ATM-057,17.413359,78.571813,SUCCESS,SYNTHETIC
WDR-0000463,CASE-00466,TXN-0003984,ACC-00466,15666,2026-01-20T10:37:00.000Z,ATM-087,17.431651,78.577478,SUCCESS,SYNTHETIC
WDR-0000464,CASE-00466,TXN-0003984,ACC-00466,19456,2026-01-20T11:07:00.000Z,ATM-089,18.444311,73.937579,SUCCESS,SYNTHETIC
WDR-0000465,CASE-00468,TXN-0004003,ACC-00492,15656,2026-01-20T15:36:00.000Z,ATM-109,12.977093,80.179511,SUCCESS,SYNTHETIC
WDR-0000466,CASE-00468,TXN-0004003,ACC-00492,12778,2026-01-20T16:44:00.000Z,ATM-037,13.08717,80.341516,SUCCESS,SYNTHETIC
WDR-0000467,CASE-00471,TXN-0004026,ACC-00531,41603,2026-01-20T15:24:00.000Z,ATM-022,10.952892,76.912599,SUCCESS,SYNTHETIC
WDR-0000468,CASE-00471,TXN-0004026,ACC-00531,35379,2026-01-20T16:44:00.000Z,ATM-004,10.96691,76.983244,SUCCESS,SYNTHETIC
WDR-0000469,CASE-00472,TXN-0004038,ACC-00545,37878,2026-01-20T19:39:00.000Z,ATM-033,17.409623,78.574603,SUCCESS,SYNTHETIC
WDR-0000470,CASE-00472,TXN-0004038,ACC-00545,41013,2026-01-20T20:56:00.000Z,ATM-113,18.442334,73.806782,SUCCESS,SYNTHETIC
WDR-0000471,CASE-00484,TXN-0004124,ACC-00969,54939,2026-01-21T17:00:00.000Z,ATM-045,17.493683,78.572544,SUCCESS,SYNTHETIC
WDR-0000472,CASE-00484,TXN-0004124,ACC-00969,52078,2026-01-21T17:13:00.000Z,ATM-029,18.618022,73.84155,SUCCESS,SYNTHETIC
WDR-0000473,CASE-00485,TXN-0004131,ACC-00713,39067,2026-01-21T06:19:00.000Z,ATM-056,12.935505,77.53013,SUCCESS,SYNTHETIC
WDR-0000474,CASE-00485,TXN-0004131,ACC-00713,44586,2026-01-21T07:03:00.000Z,ATM-053,18.566475,73.900632,SUCCESS,SYNTHETIC
WDR-0000475,CASE-00487,TXN-0004148,ACC-00741,5769,2026-01-21T12:13:00.000Z,ATM-078,16.5164,80.667646,SUCCESS,SYNTHETIC
WDR-0000476,CASE-00487,TXN-0004148,ACC-00741,5159,2026-01-21T13:05:00.000Z,ATM-047,18.475504,73.768893,FAILED,SYNTHETIC
WDR-0000477,CASE-00488,TXN-0004157,ACC-00752,54183,2026-01-21T10:05:00.000Z,ATM-089,18.444311,73.937579,SUCCESS,SYNTHETIC
WDR-0000478,CASE-00488,TXN-0004157,ACC-00752,39142,2026-01-21T11:02:00.000Z,ATM-090,16.511849,80.722883,SUCCESS,SYNTHETIC
WDR-0000479,CASE-00488,TXN-0004157,ACC-00752,37588,2026-01-21T11:58:00.000Z,ATM-057,17.413359,78.571813,SUCCESS,SYNTHETIC
WDR-0000480,CASE-00493,TXN-0004201,ACC-00817,21088,2026-01-21T15:06:00.000Z,ATM-024,16.507959,80.582922,SUCCESS,SYNTHETIC
WDR-0000481,CASE-00493,TXN-0004201,ACC-00817,14678,2026-01-21T15:45:00.000Z,ATM-025,13.035226,80.225158,FAILED,SYNTHETIC
WDR-0000482,CASE-00493,TXN-0004201,ACC-00817,21007,2026-01-21T17:01:00.000Z,ATM-092,12.893851,77.620724,SUCCESS,SYNTHETIC
WDR-0000483,CASE-00494,TXN-0004208,ACC-00830,36435,2026-01-23T23:00:00.000Z,ATM-035,18.616071,73.807915,SUCCESS,SYNTHETIC
WDR-0000484,CASE-00494,TXN-0004208,ACC-00830,42434,2026-01-24T00:09:00.000Z,ATM-003,17.313459,78.49255,SUCCESS,SYNTHETIC
WDR-0000485,CASE-00497,TXN-0004234,ACC-00871,34163,2026-01-21T22:50:00.000Z,ATM-068,12.935652,77.491003,FAILED,SYNTHETIC
WDR-0000486,CASE-00497,TXN-0004234,ACC-00871,26121,2026-01-21T23:46:00.000Z,ATM-069,17.323597,78.595274,SUCCESS,SYNTHETIC
WDR-0000487,CASE-00497,TXN-0004234,ACC-00871,37625,2026-01-22T00:00:00.000Z,ATM-001,13.104943,80.259324,SUCCESS,SYNTHETIC
WDR-0000488,CASE-00498,TXN-0004245,ACC-00882,15509,2026-01-21T21:26:00.000Z,ATM-079,13.02449,80.23228,SUCCESS,SYNTHETIC
WDR-0000489,CASE-00498,TXN-0004245,ACC-00882,11623,2026-01-21T21:48:00.000Z,ATM-007,13.136762,80.22824,SUCCESS,SYNTHETIC
WDR-0000490,CASE-00501,TXN-0004266,ACC-00921,23724,2026-01-21T21:21:00.000Z,ATM-112,11.009374,77.001445,SUCCESS,SYNTHETIC
WDR-0000491,CASE-00501,TXN-0004266,ACC-00921,33839,2026-01-21T21:49:00.000Z,ATM-113,18.442334,73.806782,SUCCESS,SYNTHETIC
WDR-0000492,CASE-00501,TXN-0004266,ACC-00921,31026,2026-01-21T22:28:00.000Z,ATM-077,18.519358,73.881091,SUCCESS,SYNTHETIC
WDR-0000493,CASE-00503,TXN-0004285,ACC-00947,8368,2026-01-22T02:07:00.000Z,ATM-014,12.902452,77.65698,SUCCESS,SYNTHETIC
WDR-0000494,CASE-00503,TXN-0004285,ACC-00947,9185,2026-01-22T02:53:00.000Z,ATM-042,16.467251,80.698471,SUCCESS,SYNTHETIC
WDR-0000495,CASE-00504,TXN-0004292,ACC-00960,7119,2026-01-24T04:00:00.000Z,ATM-025,13.035226,80.225158,SUCCESS,SYNTHETIC
WDR-0000496,CASE-00504,TXN-0004292,ACC-00960,5852,2026-01-24T05:16:00.000Z,ATM-105,17.424818,78.453535,SUCCESS,SYNTHETIC
WDR-0000497,CASE-00507,TXN-0004318,ACC-01001,38067,2026-01-22T08:37:00.000Z,ATM-058,10.978603,77.020134,SUCCESS,SYNTHETIC
WDR-0000498,CASE-00507,TXN-0004318,ACC-01001,26482,2026-01-22T10:02:00.000Z,ATM-063,17.474796,78.422678,SUCCESS,SYNTHETIC
WDR-0000499,CASE-00509,TXN-0004332,ACC-01019,24474,2026-01-23T06:00:00.000Z,ATM-080,12.927332,77.555124,SUCCESS,SYNTHETIC
WDR-0000500,CASE-00509,TXN-0004332,ACC-01019,21989,2026-01-23T06:40:00.000Z,ATM-081,17.422245,78.425296,SUCCESS,SYNTHETIC
WDR-0000501,CASE-00509,TXN-0004332,ACC-01019,23417,2026-01-23T08:04:00.000Z,ATM-075,17.362673,78.450647,SUCCESS,SYNTHETIC
WDR-0000502,CASE-00510,TXN-0004339,ACC-01038,29300,2026-01-22T07:01:00.000Z,ATM-091,13.169491,80.259723,SUCCESS,SYNTHETIC
WDR-0000503,CASE-00510,TXN-0004339,ACC-01038,23880,2026-01-22T07:26:00.000Z,ATM-077,18.519358,73.881091,SUCCESS,SYNTHETIC
WDR-0000504,CASE-00514,TXN-0004369,ACC-01029,33824,2026-01-22T23:00:00.000Z,ATM-015,17.391674,78.382667,SUCCESS,SYNTHETIC
WDR-0000505,CASE-00514,TXN-0004369,ACC-01029,35405,2026-01-22T23:14:00.000Z,ATM-051,17.455829,78.405295,SUCCESS,SYNTHETIC
WDR-0000506,CASE-00516,TXN-0004386,ACC-01116,26093,2026-01-22T12:47:00.000Z,ATM-037,13.08717,80.341516,SUCCESS,SYNTHETIC
WDR-0000507,CASE-00516,TXN-0004386,ACC-01116,23885,2026-01-22T13:56:00.000Z,ATM-088,11.085374,76.94246,SUCCESS,SYNTHETIC
WDR-0000508,CASE-00517,TXN-0004394,ACC-01130,26888,2026-01-22T18:12:00.000Z,ATM-048,16.549479,80.606927,SUCCESS,SYNTHETIC
WDR-0000509,CASE-00517,TXN-0004394,ACC-01130,33292,2026-01-22T18:50:00.000Z,ATM-107,18.482853,73.932527,SUCCESS,SYNTHETIC
WDR-0000510,CASE-00521,TXN-0004426,ACC-01181,18381,2026-01-22T17:46:00.000Z,ATM-092,12.893851,77.620724,SUCCESS,SYNTHETIC
WDR-0000511,CASE-00521,TXN-0004426,ACC-01181,20795,2026-01-22T17:57:00.000Z,ATM-093,17.45267,78.42255,SUCCESS,SYNTHETIC
WDR-0000512,CASE-00521,TXN-0004426,ACC-01181,15089,2026-01-22T18:37:00.000Z,ATM-028,11.110925,76.865153,SUCCESS,SYNTHETIC
WDR-0000513,CASE-00523,TXN-0004445,ACC-01207,44888,2026-01-22T20:37:00.000Z,ATM-114,16.42681,80.548489,SUCCESS,SYNTHETIC
WDR-0000514,CASE-00523,TXN-0004445,ACC-01207,48309,2026-01-22T21:27:00.000Z,ATM-062,13.001358,77.677303,SUCCESS,SYNTHETIC
WDR-0000515,CASE-00527,TXN-0004480,ACC-01261,7440,2026-01-23T04:56:00.000Z,ATM-038,12.88813,77.70364,SUCCESS,SYNTHETIC
WDR-0000516,CASE-00527,TXN-0004480,ACC-01261,10411,2026-01-23T05:46:00.000Z,ATM-094,10.992522,76.965846,SUCCESS,SYNTHETIC
WDR-0000517,CASE-00531,TXN-0004512,ACC-01311,11858,2026-01-23T03:49:00.000Z,ATM-082,10.944047,76.998697,SUCCESS,SYNTHETIC
WDR-0000518,CASE-00531,TXN-0004512,ACC-01311,11629,2026-01-23T04:00:00.000Z,ATM-105,17.424818,78.453535,SUCCESS,SYNTHETIC
WDR-0000519,CASE-00533,TXN-0004529,ACC-01337,21535,2026-01-23T06:33:00.000Z,ATM-104,12.959919,77.677844,SUCCESS,SYNTHETIC
WDR-0000520,CASE-00533,TXN-0004529,ACC-01337,18617,2026-01-23T07:49:00.000Z,ATM-105,17.424818,78.453535,SUCCESS,SYNTHETIC
WDR-0000521,CASE-00533,TXN-0004529,ACC-01337,24409,2026-01-23T08:06:00.000Z,ATM-012,16.526511,80.544938,SUCCESS,SYNTHETIC
WDR-0000522,CASE-00534,TXN-0004538,ACC-01350,33689,2026-01-25T12:00:00.000Z,ATM-115,13.036717,80.257717,SUCCESS,SYNTHETIC
WDR-0000523,CASE-00534,TXN-0004538,ACC-01350,42742,2026-01-25T12:25:00.000Z,ATM-116,12.986728,77.642202,SUCCESS,SYNTHETIC
WDR-0000524,CASE-00534,TXN-0004538,ACC-01350,37036,2026-01-25T12:52:00.000Z,ATM-114,16.42681,80.548489,SUCCESS,SYNTHETIC
WDR-0000525,CASE-00539,TXN-0004580,ACC-01079,44554,2026-01-25T01:00:00.000Z,ATM-050,12.882201,77.589186,SUCCESS,SYNTHETIC
WDR-0000526,CASE-00539,TXN-0004580,ACC-01079,43592,2026-01-25T02:19:00.000Z,ATM-051,17.455829,78.405295,SUCCESS,SYNTHETIC
WDR-0000527,CASE-00539,TXN-0004580,ACC-01079,49030,2026-01-25T02:33:00.000Z,ATM-057,17.413359,78.571813,SUCCESS,SYNTHETIC
WDR-0000528,CASE-00540,TXN-0004586,ACC-01081,25558,2026-01-23T12:11:00.000Z,ATM-061,12.974796,80.322933,SUCCESS,SYNTHETIC
WDR-0000529,CASE-00540,TXN-0004586,ACC-01081,32096,2026-01-23T13:03:00.000Z,ATM-070,11.032717,77.063284,SUCCESS,SYNTHETIC
WDR-0000530,CASE-00547,TXN-0004639,ACC-00121,39091,2026-01-24T02:51:00.000Z,ATM-018,16.466482,80.636977,SUCCESS,SYNTHETIC
WDR-0000531,CASE-00547,TXN-0004639,ACC-00121,42075,2026-01-24T03:10:00.000Z,ATM-115,13.036717,80.257717,SUCCESS,SYNTHETIC
WDR-0000532,CASE-00552,TXN-0004685,ACC-00185,25651,2026-01-24T04:24:00.000Z,ATM-073,13.059524,80.25627,SUCCESS,SYNTHETIC
WDR-0000533,CASE-00552,TXN-0004685,ACC-00185,25608,2026-01-24T05:42:00.000Z,ATM-042,16.467251,80.698471,SUCCESS,SYNTHETIC
WDR-0000534,CASE-00553,TXN-0004692,ACC-00197,16767,2026-01-24T04:20:00.000Z,ATM-084,16.465235,80.547331,SUCCESS,SYNTHETIC
WDR-0000535,CASE-00553,TXN-0004692,ACC-00197,19330,2026-01-24T04:46:00.000Z,ATM-032,12.940898,77.590579,SUCCESS,SYNTHETIC
WDR-0000536,CASE-00554,TXN-0004703,ACC-00210,24150,2026-01-25T23:00:00.000Z,ATM-095,18.626988,73.85494,FAILED,SYNTHETIC
WDR-0000537,CASE-00554,TXN-0004703,ACC-00210,32121,2026-01-26T00:22:00.000Z,ATM-084,16.465235,80.547331,SUCCESS,SYNTHETIC
WDR-0000538,CASE-00555,TXN-0004714,ACC-00223,23696,2026-01-24T05:43:00.000Z,ATM-106,11.113057,76.983507,SUCCESS,SYNTHETIC
WDR-0000539,CASE-00555,TXN-0004714,ACC-00223,25326,2026-01-24T06:15:00.000Z,ATM-111,17.485307,78.570182,SUCCESS,SYNTHETIC
WDR-0000540,CASE-00557,TXN-0004730,ACC-00251,37061,2026-01-24T10:17:00.000Z,ATM-008,12.904996,77.59476,SUCCESS,SYNTHETIC
WDR-0000541,CASE-00557,TXN-0004730,ACC-00251,26036,2026-01-24T10:53:00.000Z,ATM-087,17.431651,78.577478,SUCCESS,SYNTHETIC
WDR-0000542,CASE-00559,TXN-0004743,ACC-01119,36132,2026-01-25T09:00:00.000Z,ATM-030,16.603505,80.568206,SUCCESS,SYNTHETIC
WDR-0000543,CASE-00559,TXN-0004743,ACC-01119,27893,2026-01-25T10:01:00.000Z,ATM-093,17.45267,78.42255,SUCCESS,SYNTHETIC
WDR-0000544,CASE-00561,TXN-0004758,ACC-00301,27246,2026-01-24T09:52:00.000Z,ATM-052,11.120804,76.885047,SUCCESS,SYNTHETIC
WDR-0000545,CASE-00561,TXN-0004758,ACC-00301,28220,2026-01-24T10:14:00.000Z,ATM-104,12.959919,77.677844,SUCCESS,SYNTHETIC
WDR-0000546,CASE-00564,TXN-0004783,ACC-01129,39124,2026-01-26T03:00:00.000Z,ATM-085,13.099758,80.206391,FAILED,SYNTHETIC
WDR-0000547,CASE-00564,TXN-0004783,ACC-01129,44688,2026-01-26T03:47:00.000Z,ATM-060,16.586214,80.619336,SUCCESS,SYNTHETIC
WDR-0000548,CASE-00565,TXN-0004792,ACC-00353,10640,2026-01-24T15:29:00.000Z,ATM-096,16.585286,80.723502,SUCCESS,SYNTHETIC
WDR-0000549,CASE-00565,TXN-0004792,ACC-00353,7977,2026-01-24T15:54:00.000Z,ATM-097,13.136297,80.17248,SUCCESS,SYNTHETIC
WDR-0000550,CASE-00565,TXN-0004792,ACC-00353,8283,2026-01-24T16:18:00.000Z,ATM-009,17.426055,78.511037,SUCCESS,SYNTHETIC
WDR-0000551,CASE-00568,TXN-0004813,ACC-00392,53203,2026-01-24T18:38:00.000Z,ATM-009,17.426055,78.511037,SUCCESS,SYNTHETIC
WDR-0000552,CASE-00568,TXN-0004813,ACC-00392,54280,2026-01-24T19:40:00.000Z,ATM-017,18.517703,73.924685,SUCCESS,SYNTHETIC
WDR-0000553,CASE-00569,TXN-0004822,ACC-00405,18463,2026-01-26T00:00:00.000Z,ATM-020,12.984052,77.61588,SUCCESS,SYNTHETIC
WDR-0000554,CASE-00569,TXN-0004822,ACC-00405,21776,2026-01-26T01:09:00.000Z,ATM-029,18.618022,73.84155,SUCCESS,SYNTHETIC
WDR-0000555,CASE-00572,TXN-0004849,ACC-00445,7871,2026-01-24T21:24:00.000Z,ATM-053,18.566475,73.900632,FAILED,SYNTHETIC
WDR-0000556,CASE-00572,TXN-0004849,ACC-00445,6751,2026-01-24T21:41:00.000Z,ATM-054,16.4453,80.62883,SUCCESS,SYNTHETIC
WDR-0000557,CASE-00572,TXN-0004849,ACC-00445,9222,2026-01-24T22:27:00.000Z,ATM-003,17.313459,78.49255,SUCCESS,SYNTHETIC
WDR-0000558,CASE-00574,TXN-0004863,ACC-00470,43010,2026-01-27T08:00:00.000Z,ATM-075,17.362673,78.450647,SUCCESS,SYNTHETIC
WDR-0000559,CASE-00574,TXN-0004863,ACC-00470,39886,2026-01-27T08:37:00.000Z,ATM-076,11.103841,76.91781,SUCCESS,SYNTHETIC
WDR-0000560,CASE-00574,TXN-0004863,ACC-00470,39426,2026-01-27T09:18:00.000Z,ATM-040,11.002278,76.97306,SUCCESS,SYNTHETIC
WDR-0000561,CASE-00579,TXN-0004898,ACC-00535,27529,2026-01-27T02:00:00.000Z,ATM-010,10.907645,76.949372,SUCCESS,SYNTHETIC
WDR-0000562,CASE-00579,TXN-0004898,ACC-00535,22029,2026-01-27T03:17:00.000Z,ATM-020,12.984052,77.61588,SUCCESS,SYNTHETIC
WDR-0000563,CASE-00580,TXN-0004907,ACC-01161,60540,2026-01-25T04:15:00.000Z,ATM-021,17.328938,78.518753,SUCCESS,SYNTHETIC
WDR-0000564,CASE-00580,TXN-0004907,ACC-01161,60238,2026-01-25T04:27:00.000Z,ATM-022,10.952892,76.912599,SUCCESS,SYNTHETIC
WDR-0000565,CASE-00580,TXN-0004907,ACC-01161,63602,2026-01-25T05:32:00.000Z,ATM-073,13.059524,80.25627,SUCCESS,SYNTHETIC
WDR-0000566,CASE-00581,TXN-0004918,ACC-00561,20157,2026-01-25T05:30:00.000Z,ATM-032,12.940898,77.590579,SUCCESS,SYNTHETIC
WDR-0000567,CASE-00581,TXN-0004918,ACC-00561,15157,2026-01-25T06:19:00.000Z,ATM-033,17.409623,78.574603,SUCCESS,SYNTHETIC
WDR-0000568,CASE-00581,TXN-0004918,ACC-00561,19599,2026-01-25T07:17:00.000Z,ATM-029,18.618022,73.84155,SUCCESS,SYNTHETIC
WDR-0000569,CASE-00582,TXN-0004927,ACC-00576,23511,2026-01-25T11:57:00.000Z,ATM-043,13.037646,80.259648,SUCCESS,SYNTHETIC
WDR-0000570,CASE-00582,TXN-0004927,ACC-00576,16201,2026-01-25T13:08:00.000Z,ATM-023,18.572897,73.935616,SUCCESS,SYNTHETIC
WDR-0000571,CASE-00583,TXN-0004938,ACC-00587,10759,2026-01-25T08:12:00.000Z,ATM-054,16.4453,80.62883,SUCCESS,SYNTHETIC
WDR-0000572,CASE-00583,TXN-0004938,ACC-00587,15400,2026-01-25T08:23:00.000Z,ATM-002,13.049142,77.631941,SUCCESS,SYNTHETIC
WDR-0000573,CASE-00585,TXN-0004957,ACC-00613,40156,2026-01-25T10:56:00.000Z,ATM-076,11.103841,76.91781,SUCCESS,SYNTHETIC
WDR-0000574,CASE-00585,TXN-0004957,ACC-00613,34913,2026-01-25T11:09:00.000Z,ATM-077,18.519358,73.881091,SUCCESS,SYNTHETIC
WDR-0000575,CASE-00585,TXN-0004957,ACC-00613,38254,2026-01-25T11:43:00.000Z,ATM-054,16.4453,80.62883,SUCCESS,SYNTHETIC
WDR-0000576,CASE-00586,TXN-0004968,ACC-00626,6798,2026-01-25T10:24:00.000Z,ATM-087,17.431651,78.577478,SUCCESS,SYNTHETIC
WDR-0000577,CASE-00586,TXN-0004968,ACC-00626,6369,2026-01-25T11:41:00.000Z,ATM-113,18.442334,73.806782,SUCCESS,SYNTHETIC
WDR-0000578,CASE-00587,TXN-0004978,ACC-00640,11630,2026-01-25T12:53:00.000Z,ATM-098,12.876855,77.521846,FAILED,SYNTHETIC
WDR-0000579,CASE-00587,TXN-0004978,ACC-00640,14845,2026-01-25T13:35:00.000Z,ATM-074,12.953638,77.63555,SUCCESS,SYNTHETIC
WDR-0000580,CASE-00588,TXN-0004988,ACC-00652,18191,2026-01-25T13:07:00.000Z,ATM-109,12.977093,80.179511,SUCCESS,SYNTHETIC
WDR-0000581,CASE-00588,TXN-0004988,ACC-00652,14982,2026-01-25T13:56:00.000Z,ATM-037,13.08717,80.341516,SUCCESS,SYNTHETIC
WDR-0000582,CASE-00589,TXN-0004996,ACC-00665,20469,2026-01-28T00:00:00.000Z,ATM-120,16.499386,80.638993,FAILED,SYNTHETIC
WDR-0000583,CASE-00589,TXN-0004996,ACC-00665,18208,2026-01-28T00:46:00.000Z,ATM-081,17.422245,78.425296,FAILED,SYNTHETIC
WDR-0000584,CASE-00590,TXN-0005007,ACC-00678,10294,2026-01-25T14:56:00.000Z,ATM-011,18.594614,73.757966,SUCCESS,SYNTHETIC
WDR-0000585,CASE-00590,TXN-0005007,ACC-00678,10294,2026-01-25T16:26:00.000Z,ATM-003,17.313459,78.49255,SUCCESS,SYNTHETIC
WDR-0000586,CASE-00591,TXN-0005018,ACC-00691,35557,2026-01-25T15:53:00.000Z,ATM-022,10.952892,76.912599,SUCCESS,SYNTHETIC
WDR-0000587,CASE-00591,TXN-0005018,ACC-00691,31472,2026-01-25T17:15:00.000Z,ATM-090,16.511849,80.722883,SUCCESS,SYNTHETIC
WDR-0000588,CASE-00594,TXN-0005039,ACC-00730,10854,2026-01-27T13:00:00.000Z,ATM-055,13.008656,80.304727,FAILED,SYNTHETIC
WDR-0000589,CASE-00594,TXN-0005039,ACC-00730,8381,2026-01-27T14:22:00.000Z,ATM-025,13.035226,80.225158,FAILED,SYNTHETIC
WDR-0000590,CASE-00597,TXN-0005067,ACC-00770,18705,2026-01-25T23:19:00.000Z,ATM-088,11.085374,76.94246,SUCCESS,SYNTHETIC
WDR-0000591,CASE-00597,TXN-0005067,ACC-00770,20401,2026-01-25T23:43:00.000Z,ATM-089,18.444311,73.937579,SUCCESS,SYNTHETIC
WDR-0000592,CASE-00597,TXN-0005067,ACC-00770,17879,2026-01-26T00:08:00.000Z,ATM-066,16.551421,80.693841,SUCCESS,SYNTHETIC
WDR-0000593,CASE-00598,TXN-0005074,ACC-00782,17554,2026-01-25T23:38:00.000Z,ATM-099,17.386439,78.525565,SUCCESS,SYNTHETIC
WDR-0000594,CASE-00598,TXN-0005074,ACC-00782,15496,2026-01-26T00:28:00.000Z,ATM-100,11.074176,77.06392,SUCCESS,SYNTHETIC
WDR-0000595,CASE-00598,TXN-0005074,ACC-00782,20759,2026-01-26T01:21:00.000Z,ATM-107,18.482853,73.932527,SUCCESS,SYNTHETIC
WDR-0000596,CASE-00599,TXN-0005081,ACC-00795,9344,2026-01-28T05:00:00.000Z,ATM-110,13.004084,77.6444,SUCCESS,SYNTHETIC
WDR-0000597,CASE-00599,TXN-0005081,ACC-00795,8726,2026-01-28T05:58:00.000Z,ATM-111,17.485307,78.570182,SUCCESS,SYNTHETIC
WDR-0000598,CASE-00599,TXN-0005081,ACC-00795,6562,2026-01-28T06:39:00.000Z,ATM-015,17.391674,78.382667,FAILED,SYNTHETIC
